InventoryID,Glottocode,ISO6393,LanguageName,SpecificDialect,GlyphID,Phoneme,Allophones,Marginal,SegmentClass,Source,tone,stress,syllabic,short,long,consonantal,sonorant,continuant,delayedRelease,approximant,tap,trill,nasal,lateral,labial,round,labiodental,coronal,anterior,distributed,strident,dorsal,high,low,front,back,tense,retractedTongueRoot,advancedTongueRoot,periodicGlottalSource,epilaryngealSource,spreadGlottis,constrictedGlottis,fortis,raisedLarynxEjective,loweredLarynxImplosive,click
1,kore1280,kor,NA,NA,2.00E+05,˥,NA,FALSE,tone,fake,+,0,0,0,0,0,0,0,0,0,0,0,0,0,0,0,0,0,0,0,0,0,0,0,0,0,0,0,0,0,0,0,0,0,0,0,0
1,kore1280,kor,NA,NA,02E5+0330,˥̰,NA,FALSE,tone,fake,+,0,0,0,0,0,0,0,0,0,0,0,0,0,0,0,0,0,0,0,0,0,0,0,0,0,0,0,0,+,0,-,+,0,0,0,0
1,kore1280,kor,NA,NA,02E5+02E6+02C0,˥˦ˀ,NA,FALSE,tone,fake,+,0,0,0,0,0,0,0,0,0,0,0,0,0,0,0,0,0,0,0,0,0,0,0,0,0,0,0,0,0,0,-,+,0,0,0,0
1,kore1280,kor,NA,NA,02E5+02E7,˥˧,NA,FALSE,tone,fake,+,0,0,0,0,0,0,0,0,0,0,0,0,0,0,0,0,0,0,0,0,0,0,0,0,0,0,0,0,0,0,0,0,0,0,0,0
1,kore1280,kor,NA,NA,02E5+02E8,˥˨,NA,FALSE,tone,fake,+,0,0,0,0,0,0,0,0,0,0,0,0,0,0,0,0,0,0,0,0,0,0,0,0,0,0,0,0,0,0,0,0,0,0,0,0
1,kore1280,kor,NA,NA,02E5+02E8+02C0,˥˨ˀ,NA,FALSE,tone,fake,+,0,0,0,0,0,0,0,0,0,0,0,0,0,0,0,0,0,0,0,0,0,0,0,0,0,0,0,0,0,0,-,+,0,0,0,0
1,kore1280,kor,NA,NA,02E5+02E9,˥˩,NA,FALSE,tone,fake,+,0,0,0,0,0,0,0,0,0,0,0,0,0,0,0,0,0,0,0,0,0,0,0,0,0,0,0,0,0,0,0,0,0,0,0,0
1,kore1280,kor,NA,NA,02E5+02E9+0330,˥˩̰,NA,FALSE,tone,fake,+,0,0,0,0,0,0,0,0,0,0,0,0,0,0,0,0,0,0,0,0,0,0,0,0,0,0,0,0,+,0,-,+,0,0,0,0
1,kore1280,kor,NA,NA,02E5+02C0,˥ˀ,NA,FALSE,tone,fake,+,0,0,0,0,0,0,0,0,0,0,0,0,0,0,0,0,0,0,0,0,0,0,0,0,0,0,0,0,0,0,-,+,0,0,0,0
1,kore1280,kor,NA,NA,2.00E+06,˦,NA,FALSE,tone,fake,+,0,0,0,0,0,0,0,0,0,0,0,0,0,0,0,0,0,0,0,0,0,0,0,0,0,0,0,0,0,0,0,0,0,0,0,0
1,kore1280,kor,NA,NA,02E6+0330,˦̰,NA,FALSE,tone,fake,+,0,0,0,0,0,0,0,0,0,0,0,0,0,0,0,0,0,0,0,0,0,0,0,0,0,0,0,0,+,0,-,+,0,0,0,0
1,kore1280,kor,NA,NA,02E6+02E5+02E9,˦˥˩,NA,FALSE,tone,fake,+,0,0,0,0,0,0,0,0,0,0,0,0,0,0,0,0,0,0,0,0,0,0,0,0,0,0,0,0,0,0,0,0,0,0,0,0
1,kore1280,kor,NA,NA,02E6+02E8,˦˨,NA,FALSE,tone,fake,+,0,0,0,0,0,0,0,0,0,0,0,0,0,0,0,0,0,0,0,0,0,0,0,0,0,0,0,0,0,0,0,0,0,0,0,0
1,kore1280,kor,NA,NA,02E6+02E8+0330,˦˨̰,NA,FALSE,tone,fake,+,0,0,0,0,0,0,0,0,0,0,0,0,0,0,0,0,0,0,0,0,0,0,0,0,0,0,0,0,+,0,-,+,0,0,0,0
1,kore1280,kor,NA,NA,02E6+02E8+02C0,˦˨ˀ,NA,FALSE,tone,fake,+,0,0,0,0,0,0,0,0,0,0,0,0,0,0,0,0,0,0,0,0,0,0,0,0,0,0,0,0,0,0,-,+,0,0,0,0
1,kore1280,kor,NA,NA,02E6+02E9+0324,˦˩̤,NA,FALSE,tone,fake,+,0,0,0,0,0,0,0,0,0,0,0,0,0,0,0,0,0,0,0,0,0,0,0,0,0,0,0,0,+,0,+,-,0,0,0,0
1,kore1280,kor,NA,NA,2.00E+07,˧,NA,FALSE,tone,fake,+,0,0,0,0,0,0,0,0,0,0,0,0,0,0,0,0,0,0,0,0,0,0,0,0,0,0,0,0,0,0,0,0,0,0,0,0
1,kore1280,kor,NA,NA,02E7+0324,˧̤,NA,FALSE,tone,fake,+,0,0,0,0,0,0,0,0,0,0,0,0,0,0,0,0,0,0,0,0,0,0,0,0,0,0,0,0,+,0,+,-,0,0,0,0
1,kore1280,kor,NA,NA,02E7+02E5,˧˥,NA,FALSE,tone,fake,+,0,0,0,0,0,0,0,0,0,0,0,0,0,0,0,0,0,0,0,0,0,0,0,0,0,0,0,0,0,0,0,0,0,0,0,0
1,kore1280,kor,NA,NA,02E7+02E5+02E9,˧˥˩,NA,FALSE,tone,fake,+,0,0,0,0,0,0,0,0,0,0,0,0,0,0,0,0,0,0,0,0,0,0,0,0,0,0,0,0,0,0,0,0,0,0,0,0
1,kore1280,kor,NA,NA,02E7+02E9,˧˩,NA,FALSE,tone,fake,+,0,0,0,0,0,0,0,0,0,0,0,0,0,0,0,0,0,0,0,0,0,0,0,0,0,0,0,0,0,0,0,0,0,0,0,0
1,kore1280,kor,NA,NA,02E7+02E9+0324,˧˩̤,NA,FALSE,tone,fake,+,0,0,0,0,0,0,0,0,0,0,0,0,0,0,0,0,0,0,0,0,0,0,0,0,0,0,0,0,+,0,+,-,0,0,0,0
1,kore1280,kor,NA,NA,02E7+02E9+02E7+0324,˧˩˧̤,NA,FALSE,tone,fake,+,0,0,0,0,0,0,0,0,0,0,0,0,0,0,0,0,0,0,0,0,0,0,0,0,0,0,0,0,+,0,+,-,0,0,0,0
1,kore1280,kor,NA,NA,2.00E+08,˨,NA,FALSE,tone,fake,+,0,0,0,0,0,0,0,0,0,0,0,0,0,0,0,0,0,0,0,0,0,0,0,0,0,0,0,0,0,0,0,0,0,0,0,0
1,kore1280,kor,NA,NA,02E8+0324,˨̤,NA,FALSE,tone,fake,+,0,0,0,0,0,0,0,0,0,0,0,0,0,0,0,0,0,0,0,0,0,0,0,0,0,0,0,0,+,0,+,-,0,0,0,0
1,kore1280,kor,NA,NA,02E8+02E5,˨˥,NA,FALSE,tone,fake,+,0,0,0,0,0,0,0,0,0,0,0,0,0,0,0,0,0,0,0,0,0,0,0,0,0,0,0,0,0,0,0,0,0,0,0,0
1,kore1280,kor,NA,NA,02E8+02E6,˨˦,NA,FALSE,tone,fake,+,0,0,0,0,0,0,0,0,0,0,0,0,0,0,0,0,0,0,0,0,0,0,0,0,0,0,0,0,0,0,0,0,0,0,0,0
1,kore1280,kor,NA,NA,02E8+02E7,˨˧,NA,FALSE,tone,fake,+,0,0,0,0,0,0,0,0,0,0,0,0,0,0,0,0,0,0,0,0,0,0,0,0,0,0,0,0,0,0,0,0,0,0,0,0
1,kore1280,kor,NA,NA,02E8+02E9,˨˩,NA,FALSE,tone,fake,+,0,0,0,0,0,0,0,0,0,0,0,0,0,0,0,0,0,0,0,0,0,0,0,0,0,0,0,0,0,0,0,0,0,0,0,0
1,kore1280,kor,NA,NA,02E8+02E9+0320,˨˩̠,NA,FALSE,tone,fake,+,0,0,0,0,0,0,0,0,0,0,0,0,0,0,0,0,0,-,+,0,0,0,0,0,0,0,0,0,0,0,0,0,0,0,0,0
1,kore1280,kor,NA,NA,02E8+02E9+0324,˨˩̤,NA,FALSE,tone,fake,+,0,0,0,0,0,0,0,0,0,0,0,0,0,0,0,0,0,0,0,0,0,0,0,0,0,0,0,0,+,0,+,-,0,0,0,0
1,kore1280,kor,NA,NA,02E8+02E9+02C0,˨˩ˀ,NA,FALSE,tone,fake,+,0,0,0,0,0,0,0,0,0,0,0,0,0,0,0,0,0,0,0,0,0,0,0,0,0,0,0,0,0,0,-,+,0,0,0,0
1,kore1280,kor,NA,NA,02E8+02E9+0330+02C0,˨˩̰ˀ,NA,FALSE,tone,fake,+,0,0,0,0,0,0,0,0,0,0,0,0,0,0,0,0,0,0,0,0,0,0,0,0,0,0,0,0,+,0,-,+,0,0,0,0
1,kore1280,kor,NA,NA,2.00E+09,˩,NA,FALSE,tone,fake,+,0,0,0,0,0,0,0,0,0,0,0,0,0,0,0,0,0,0,0,0,0,0,0,0,0,0,0,0,0,0,0,0,0,0,0,0
1,kore1280,kor,NA,NA,02E9+02E5,˩˥,NA,FALSE,tone,fake,+,0,0,0,0,0,0,0,0,0,0,0,0,0,0,0,0,0,0,0,0,0,0,0,0,0,0,0,0,0,0,0,0,0,0,0,0
1,kore1280,kor,NA,NA,02E9+02E5+02E9,˩˥˩,NA,FALSE,tone,fake,+,0,0,0,0,0,0,0,0,0,0,0,0,0,0,0,0,0,0,0,0,0,0,0,0,0,0,0,0,0,0,0,0,0,0,0,0
1,kore1280,kor,NA,NA,02E9+02E8,˩˨,NA,FALSE,tone,fake,+,0,0,0,0,0,0,0,0,0,0,0,0,0,0,0,0,0,0,0,0,0,0,0,0,0,0,0,0,0,0,0,0,0,0,0,0
1,kore1280,kor,NA,NA,02E9+02E8+0324,˩˨̤,NA,FALSE,tone,fake,+,0,0,0,0,0,0,0,0,0,0,0,0,0,0,0,0,0,0,0,0,0,0,0,0,0,0,0,0,+,0,+,-,0,0,0,0
1,kore1280,kor,NA,NA,02E9+02C0,˩ˀ,NA,FALSE,tone,fake,+,0,0,0,0,0,0,0,0,0,0,0,0,0,0,0,0,0,0,0,0,0,0,0,0,0,0,0,0,0,0,-,+,0,0,0,0
1,kore1280,kor,NA,NA,61,a,NA,FALSE,vowel,fake,0,-,+,-,-,-,+,+,0,+,-,-,-,-,-,0,0,-,0,0,0,+,-,+,-,-,0,-,-,+,-,-,-,0,-,-,0
1,kore1280,kor,NA,NA,0061+0306,ă,NA,FALSE,vowel,fake,0,-,+,+,-,-,+,+,0,+,-,-,-,-,-,0,0,-,0,0,0,+,-,+,-,-,0,-,-,+,-,-,-,0,-,-,0
1,kore1280,kor,NA,NA,0061+0303,ã,NA,FALSE,vowel,fake,0,-,+,-,-,-,+,+,0,+,-,-,+,-,-,0,0,-,0,0,0,+,-,+,-,-,0,-,-,+,-,-,-,0,-,-,0
1,kore1280,kor,NA,NA,0061+032F,a̯,NA,FALSE,vowel,fake,0,-,-,-,-,-,+,+,0,+,-,-,-,-,-,0,0,-,0,0,0,+,-,+,-,-,0,-,-,+,-,-,-,0,-,-,0
1,kore1280,kor,NA,NA,0061+0324,a̤,NA,FALSE,vowel,fake,0,-,+,-,-,-,+,+,0,+,-,-,-,-,-,0,0,-,0,0,0,+,-,+,-,-,0,-,-,+,-,+,-,0,-,-,0
1,kore1280,kor,NA,NA,0061+0324+0303,ã̤,NA,FALSE,vowel,fake,0,-,+,-,-,-,+,+,0,+,-,-,+,-,-,0,0,-,0,0,0,+,-,+,-,-,0,-,-,+,-,+,-,0,-,-,0
1,kore1280,kor,NA,NA,0061+0325,ḁ,NA,FALSE,vowel,fake,0,-,+,-,-,-,+,+,0,+,-,-,-,-,-,0,0,-,0,0,0,+,-,+,-,-,0,-,-,-,-,-,-,0,-,-,0
1,kore1280,kor,NA,NA,0061+0330,a̰,NA,FALSE,vowel,fake,0,-,+,-,-,-,+,+,0,+,-,-,-,-,-,0,0,-,0,0,0,+,-,+,-,-,0,-,-,+,-,-,+,0,-,-,0
1,kore1280,kor,NA,NA,0061+0330+0303,ã̰,NA,FALSE,vowel,fake,0,-,+,-,-,-,+,+,0,+,-,-,+,-,-,0,0,-,0,0,0,+,-,+,-,-,0,-,-,+,-,-,+,0,-,-,0
1,kore1280,kor,NA,NA,0061+02D0,aː,NA,FALSE,vowel,fake,0,-,+,-,+,-,+,+,0,+,-,-,-,-,-,0,0,-,0,0,0,+,-,+,-,-,0,-,-,+,-,-,-,0,-,-,0
1,kore1280,kor,NA,NA,0061+0303+02D0,ãː,NA,FALSE,vowel,fake,0,-,+,-,+,-,+,+,0,+,-,-,+,-,-,0,0,-,0,0,0,+,-,+,-,-,0,-,-,+,-,-,-,0,-,-,0
1,kore1280,kor,NA,NA,0061+0324+02D0,a̤ː,NA,FALSE,vowel,fake,0,-,+,-,+,-,+,+,0,+,-,-,-,-,-,0,0,-,0,0,0,+,-,+,-,-,0,-,-,+,-,+,-,0,-,-,0
1,kore1280,kor,NA,NA,0061+0324+0303+02D0,ã̤ː,NA,FALSE,vowel,fake,0,-,+,-,+,-,+,+,0,+,-,-,+,-,-,0,0,-,0,0,0,+,-,+,-,-,0,-,-,+,-,+,-,0,-,-,0
1,kore1280,kor,NA,NA,0061+02D0+0069+032F,aːi̯,NA,FALSE,vowel,fake,0,-,"+,-",-,"+,-",-,+,+,0,+,-,-,-,-,-,0,0,-,0,0,0,+,"-,+","+,-","-,+",-,+,-,-,+,-,-,-,0,-,-,0
1,kore1280,kor,NA,NA,0061+02D0+0075+032F,aːu̯,NA,FALSE,vowel,fake,0,-,"+,-",-,"+,-",-,+,+,0,+,-,-,-,-,"-,+",+,-,-,0,0,0,+,"-,+","+,-",-,"-,+",+,-,-,+,-,-,-,0,-,-,0
1,kore1280,kor,NA,NA,0061+0065,ae,NA,FALSE,vowel,fake,0,-,+,-,-,-,+,+,0,+,-,-,-,-,-,0,0,-,0,0,0,+,-,"+,-","-,+",-,+,-,-,+,-,-,-,0,-,-,0
1,kore1280,kor,NA,NA,0061+0065+032F,ae̯,NA,FALSE,vowel,fake,0,-,"+,-",-,-,-,+,+,0,+,-,-,-,-,-,0,0,-,0,0,0,+,-,"+,-","-,+",-,+,-,-,+,-,-,-,0,-,-,0
1,kore1280,kor,NA,NA,0061+0303+0065+032F+0303,ãẽ̯,NA,FALSE,vowel,fake,0,-,"+,-",-,-,-,+,+,0,+,-,-,+,-,-,0,0,-,0,0,0,+,-,"+,-","-,+",-,+,-,-,+,-,-,-,0,-,-,0
1,kore1280,kor,NA,NA,0.00E+00,æ,NA,FALSE,vowel,fake,0,-,+,-,-,-,+,+,0,+,-,-,-,-,-,0,0,-,0,0,0,+,-,+,+,-,0,-,-,+,-,-,-,0,-,-,0
1,kore1280,kor,NA,NA,00E6+02DE,æʵ,NA,FALSE,vowel,fake,0,-,+,-,-,-,+,+,0,+,-,-,-,-,-,0,0,+,+,+,+,+,-,+,+,-,0,-,-,+,-,-,-,0,-,-,0
1,kore1280,kor,NA,NA,00E6+02DE+02D0,æʵː,NA,FALSE,vowel,fake,0,-,+,-,+,-,+,+,0,+,-,-,-,-,-,0,0,+,+,+,+,+,-,+,+,-,0,-,-,+,-,-,-,0,-,-,0
1,kore1280,kor,NA,NA,00E6+02D0,æː,NA,FALSE,vowel,fake,0,-,+,-,+,-,+,+,0,+,-,-,-,-,-,0,0,-,0,0,0,+,-,+,+,-,0,-,-,+,-,-,-,0,-,-,0
1,kore1280,kor,NA,NA,00E6+0303+02D0,æ̃ː,NA,FALSE,vowel,fake,0,-,+,-,+,-,+,+,0,+,-,-,+,-,-,0,0,-,0,0,0,+,-,+,+,-,0,-,-,+,-,-,-,0,-,-,0
1,kore1280,kor,NA,NA,00E6+0065+032F,æe̯,NA,FALSE,vowel,fake,0,-,"+,-",-,-,-,+,+,0,+,-,-,-,-,-,0,0,-,0,0,0,+,-,"+,-",+,-,+,-,-,+,-,-,-,0,-,-,0
1,kore1280,kor,NA,NA,00E6+0069,æi,NA,FALSE,vowel,fake,0,-,+,-,-,-,+,+,0,+,-,-,-,-,-,0,0,-,0,0,0,+,"-,+","+,-",+,-,+,-,-,+,-,-,-,0,-,-,0
1,kore1280,kor,NA,NA,00E6+0069+032F,æi̯,NA,FALSE,vowel,fake,0,-,"+,-",-,-,-,+,+,0,+,-,-,-,-,-,0,0,-,0,0,0,+,"-,+","+,-",+,-,+,-,-,+,-,-,-,0,-,-,0
1,kore1280,kor,NA,NA,00E6+0075,æu,NA,FALSE,vowel,fake,0,-,+,-,-,-,+,+,0,+,-,-,-,-,"-,+",+,-,-,0,0,0,+,"-,+","+,-","+,-","-,+",+,-,-,+,-,-,-,0,-,-,0
1,kore1280,kor,NA,NA,00E6+0075+032F,æu̯,NA,FALSE,vowel,fake,0,-,"+,-",-,-,-,+,+,0,+,-,-,-,-,"-,+",+,-,-,0,0,0,+,"-,+","+,-","+,-","-,+",+,-,-,+,-,-,-,0,-,-,0
1,kore1280,kor,NA,NA,0061+025B,aɛ,NA,FALSE,vowel,fake,0,-,+,-,-,-,+,+,0,+,-,-,-,-,-,0,0,-,0,0,0,+,-,"+,-","-,+",-,-,-,-,+,-,-,-,0,-,-,0
1,kore1280,kor,NA,NA,0061+0069,ai,NA,FALSE,vowel,fake,0,-,+,-,-,-,+,+,0,+,-,-,-,-,-,0,0,-,0,0,0,+,"-,+","+,-","-,+",-,+,-,-,+,-,-,-,0,-,-,0
1,kore1280,kor,NA,NA,0061+0069+032F,ai̯,NA,FALSE,vowel,fake,0,-,"+,-",-,-,-,+,+,0,+,-,-,-,-,-,0,0,-,0,0,0,+,"-,+","+,-","-,+",-,+,-,-,+,-,-,-,0,-,-,0
1,kore1280,kor,NA,NA,0061+0303+0069,ãi,NA,FALSE,vowel,fake,0,-,+,-,-,-,+,+,0,+,-,-,"+,-",-,-,0,0,-,0,0,0,+,"-,+","+,-","-,+",-,+,-,-,+,-,-,-,0,-,-,0
1,kore1280,kor,NA,NA,0061+0303+0069+032F,ãi̯,NA,FALSE,vowel,fake,0,-,"+,-",-,-,-,+,+,0,+,-,-,"+,-",-,-,0,0,-,0,0,0,+,"-,+","+,-","-,+",-,+,-,-,+,-,-,-,0,-,-,0
1,kore1280,kor,NA,NA,0061+0303+0069+032F+0303,ãĩ̯,NA,FALSE,vowel,fake,0,-,"+,-",-,-,-,+,+,0,+,-,-,+,-,-,0,0,-,0,0,0,+,"-,+","+,-","-,+",-,+,-,-,+,-,-,-,0,-,-,0
1,kore1280,kor,NA,NA,0061+026A,aɪ,NA,FALSE,vowel,fake,0,-,+,-,-,-,+,+,0,+,-,-,-,-,-,0,0,-,0,0,0,+,"-,+","+,-","-,+",-,-,-,-,+,-,-,-,0,-,-,0
1,kore1280,kor,NA,NA,0061+0303+026A,ãɪ,NA,FALSE,vowel,fake,0,-,+,-,-,-,+,+,0,+,-,-,"+,-",-,-,0,0,-,0,0,0,+,"-,+","+,-","-,+",-,-,-,-,+,-,-,-,0,-,-,0
1,kore1280,kor,NA,NA,0061+0324+0303+026A,ã̤ɪ,NA,FALSE,vowel,fake,0,-,+,-,-,-,+,+,0,+,-,-,"+,-",-,-,0,0,-,0,0,0,+,"-,+","+,-","-,+",-,-,-,-,+,-,"+,-",-,0,-,-,0
1,kore1280,kor,NA,NA,0061+0330+0303+026A,ã̰ɪ,NA,FALSE,vowel,fake,0,-,+,-,-,-,+,+,0,+,-,-,"+,-",-,-,0,0,-,0,0,0,+,"-,+","+,-","-,+",-,-,-,-,+,-,-,"+,-",0,-,-,0
1,kore1280,kor,NA,NA,0061+026A+02C0,aɪˀ,NA,FALSE,vowel,fake,0,-,+,-,-,-,+,+,0,+,-,-,-,-,-,0,0,-,0,0,0,+,"-,+","+,-","-,+",-,-,-,-,+,-,-,"-,+",0,-,-,0
1,kore1280,kor,NA,NA,0061+006F,ao,NA,FALSE,vowel,fake,0,-,+,-,-,-,+,+,0,+,-,-,-,-,"-,+",+,-,-,0,0,0,+,-,"+,-",-,"-,+",+,-,-,+,-,-,-,0,-,-,0
1,kore1280,kor,NA,NA,0061+006F+032F,ao̯,NA,FALSE,vowel,fake,0,-,"+,-",-,-,-,+,+,0,+,-,-,-,-,"-,+",+,-,-,0,0,0,+,-,"+,-",-,"-,+",+,-,-,+,-,-,-,0,-,-,0
1,kore1280,kor,NA,NA,0061+0303+006F,ão,NA,FALSE,vowel,fake,0,-,+,-,-,-,+,+,0,+,-,-,"+,-",-,"-,+",+,-,-,0,0,0,+,-,"+,-",-,"-,+",+,-,-,+,-,-,-,0,-,-,0
1,kore1280,kor,NA,NA,0061+0303+006F+032F,ão̯,NA,FALSE,vowel,fake,0,-,"+,-",-,-,-,+,+,0,+,-,-,"+,-",-,"-,+",+,-,-,0,0,0,+,-,"+,-",-,"-,+",+,-,-,+,-,-,-,0,-,-,0
1,kore1280,kor,NA,NA,0061+0303+006F+032F+0303,ãõ̯,NA,FALSE,vowel,fake,0,-,"+,-",-,-,-,+,+,0,+,-,-,+,-,"-,+",+,-,-,0,0,0,+,-,"+,-",-,"-,+",+,-,-,+,-,-,-,0,-,-,0
1,kore1280,kor,NA,NA,0061+0075,au,NA,FALSE,vowel,fake,0,-,+,-,-,-,+,+,0,+,-,-,-,-,"-,+",+,-,-,0,0,0,+,"-,+","+,-",-,"-,+",+,-,-,+,-,-,-,0,-,-,0
1,kore1280,kor,NA,NA,0061+0075+032F,au̯,NA,FALSE,vowel,fake,0,-,"+,-",-,-,-,+,+,0,+,-,-,-,-,"-,+",+,-,-,0,0,0,+,"-,+","+,-",-,"-,+",+,-,-,+,-,-,-,0,-,-,0
1,kore1280,kor,NA,NA,0061+0303+0075+032F+0303,ãũ̯,NA,FALSE,vowel,fake,0,-,"+,-",-,-,-,+,+,0,+,-,-,+,-,"-,+",+,-,-,0,0,0,+,"-,+","+,-",-,"-,+",+,-,-,+,-,-,-,0,-,-,0
1,kore1280,kor,NA,NA,0061+028A+032F,aʊ̯,NA,FALSE,vowel,fake,0,-,"+,-",-,-,-,+,+,0,+,-,-,-,-,"-,+",+,-,-,0,0,0,+,"-,+","+,-",-,"-,+",-,-,-,+,-,-,-,0,-,-,0
1,kore1280,kor,NA,NA,0061+0303+028A,ãʊ,NA,FALSE,vowel,fake,0,-,+,-,-,-,+,+,0,+,-,-,"+,-",-,"-,+",+,-,-,0,0,0,+,"-,+","+,-",-,"-,+",-,-,-,+,-,-,-,0,-,-,0
1,kore1280,kor,NA,NA,0061+0324+0303+028A,ã̤ʊ,NA,FALSE,vowel,fake,0,-,+,-,-,-,+,+,0,+,-,-,"+,-",-,"-,+",+,-,-,0,0,0,+,"-,+","+,-",-,"-,+",-,-,-,+,-,"+,-",-,0,-,-,0
1,kore1280,kor,NA,NA,0061+0330+0303+028A,ã̰ʊ,NA,FALSE,vowel,fake,0,-,+,-,-,-,+,+,0,+,-,-,"+,-",-,"-,+",+,-,-,0,0,0,+,"-,+","+,-",-,"-,+",-,-,-,+,-,-,"+,-",0,-,-,0
1,kore1280,kor,NA,NA,0061+028A+02C0,aʊˀ,NA,FALSE,vowel,fake,0,-,+,-,-,-,+,+,0,+,-,-,-,-,"-,+",+,-,-,0,0,0,+,"-,+","+,-",-,"-,+",-,-,-,+,-,-,"-,+",0,-,-,0
1,kore1280,kor,NA,NA,0061+02C0,aˀ,NA,FALSE,vowel,fake,0,-,+,-,-,-,+,+,0,+,-,-,-,-,-,0,0,-,0,0,0,+,-,+,-,-,0,-,-,+,-,-,+,0,-,-,0
1,kore1280,kor,NA,NA,250,ɐ,NA,FALSE,vowel,fake,0,-,+,-,-,-,+,+,0,+,-,-,-,-,+,+,-,-,0,0,0,+,-,+,-,-,0,-,-,+,-,-,-,0,-,-,0
1,kore1280,kor,NA,NA,0250+0306,ɐ̆,NA,FALSE,vowel,fake,0,-,+,+,-,-,+,+,0,+,-,-,-,-,+,+,-,-,0,0,0,+,-,+,-,-,0,-,-,+,-,-,-,0,-,-,0
1,kore1280,kor,NA,NA,0250+0303,ɐ̃,NA,FALSE,vowel,fake,0,-,+,-,-,-,+,+,0,+,-,-,+,-,+,+,-,-,0,0,0,+,-,+,-,-,0,-,-,+,-,-,-,0,-,-,0
1,kore1280,kor,NA,NA,0250+02D0,ɐː,NA,FALSE,vowel,fake,0,-,+,-,+,-,+,+,0,+,-,-,-,-,+,+,-,-,0,0,0,+,-,+,-,-,0,-,-,+,-,-,-,0,-,-,0
1,kore1280,kor,NA,NA,0250+0065+032F,ɐe̯,NA,FALSE,vowel,fake,0,-,"+,-",-,-,-,+,+,0,+,-,-,-,-,"+,-",+,-,-,0,0,0,+,-,"+,-","-,+",-,+,-,-,+,-,-,-,0,-,-,0
1,kore1280,kor,NA,NA,0250+0069,ɐi,NA,FALSE,vowel,fake,0,-,+,-,-,-,+,+,0,+,-,-,-,-,"+,-",+,-,-,0,0,0,+,"-,+","+,-","-,+",-,+,-,-,+,-,-,-,0,-,-,0
1,kore1280,kor,NA,NA,0250+0069+032F,ɐi̯,NA,FALSE,vowel,fake,0,-,"+,-",-,-,-,+,+,0,+,-,-,-,-,"+,-",+,-,-,0,0,0,+,"-,+","+,-","-,+",-,+,-,-,+,-,-,-,0,-,-,0
1,kore1280,kor,NA,NA,0250+0075,ɐu,NA,FALSE,vowel,fake,0,-,+,-,-,-,+,+,0,+,-,-,-,-,+,+,-,-,0,0,0,+,"-,+","+,-",-,"-,+",+,-,-,+,-,-,-,0,-,-,0
1,kore1280,kor,NA,NA,0250+0075+032F,ɐu̯,NA,FALSE,vowel,fake,0,-,"+,-",-,-,-,+,+,0,+,-,-,-,-,+,+,-,-,0,0,0,+,"-,+","+,-",-,"-,+",+,-,-,+,-,-,-,0,-,-,0
1,kore1280,kor,NA,NA,251,ɑ,NA,FALSE,vowel,fake,0,-,+,-,-,-,+,+,0,+,-,-,-,-,-,0,0,-,0,0,0,+,-,+,-,+,0,-,-,+,-,-,-,0,-,-,0
1,kore1280,kor,NA,NA,0251+0303,ɑ̃,NA,FALSE,vowel,fake,0,-,+,-,-,-,+,+,0,+,-,-,+,-,-,0,0,-,0,0,0,+,-,+,-,+,0,-,-,+,-,-,-,0,-,-,0
1,kore1280,kor,NA,NA,0251+0324,ɑ̤,NA,FALSE,vowel,fake,0,-,+,-,-,-,+,+,0,+,-,-,-,-,-,0,0,-,0,0,0,+,-,+,-,+,0,-,-,+,-,+,-,0,-,-,0
1,kore1280,kor,NA,NA,0251+0324+0303,ɑ̤̃,NA,FALSE,vowel,fake,0,-,+,-,-,-,+,+,0,+,-,-,+,-,-,0,0,-,0,0,0,+,-,+,-,+,0,-,-,+,-,+,-,0,-,-,0
1,kore1280,kor,NA,NA,0251+02DE,ɑʵ,NA,FALSE,vowel,fake,0,-,+,-,-,-,+,+,0,+,-,-,-,-,-,0,0,+,+,+,+,+,-,+,-,+,0,-,-,+,-,-,-,0,-,-,0
1,kore1280,kor,NA,NA,0251+02DE+02D0,ɑʵː,NA,FALSE,vowel,fake,0,-,+,-,+,-,+,+,0,+,-,-,-,-,-,0,0,+,+,+,+,+,-,+,-,+,0,-,-,+,-,-,-,0,-,-,0
1,kore1280,kor,NA,NA,0251+02D0,ɑː,NA,FALSE,vowel,fake,0,-,+,-,+,-,+,+,0,+,-,-,-,-,-,0,0,-,0,0,0,+,-,+,-,+,0,-,-,+,-,-,-,0,-,-,0
1,kore1280,kor,NA,NA,0251+0303+02D0,ɑ̃ː,NA,FALSE,vowel,fake,0,-,+,-,+,-,+,+,0,+,-,-,+,-,-,0,0,-,0,0,0,+,-,+,-,+,0,-,-,+,-,-,-,0,-,-,0
1,kore1280,kor,NA,NA,0251+0324+02D0,ɑ̤ː,NA,FALSE,vowel,fake,0,-,+,-,+,-,+,+,0,+,-,-,-,-,-,0,0,-,0,0,0,+,-,+,-,+,0,-,-,+,-,+,-,0,-,-,0
1,kore1280,kor,NA,NA,0251+0324+0303+02D0,ɑ̤̃ː,NA,FALSE,vowel,fake,0,-,+,-,+,-,+,+,0,+,-,-,+,-,-,0,0,-,0,0,0,+,-,+,-,+,0,-,-,+,-,+,-,0,-,-,0
1,kore1280,kor,NA,NA,0251+0069,ɑi,NA,FALSE,vowel,fake,0,-,+,-,-,-,+,+,0,+,-,-,-,-,-,0,0,-,0,0,0,+,"-,+","+,-","-,+","+,-",+,-,-,+,-,-,-,0,-,-,0
1,kore1280,kor,NA,NA,0251+0069+032F,ɑi̯,NA,FALSE,vowel,fake,0,-,"+,-",-,-,-,+,+,0,+,-,-,-,-,-,0,0,-,0,0,0,+,"-,+","+,-","-,+","+,-",+,-,-,+,-,-,-,0,-,-,0
1,kore1280,kor,NA,NA,0251+006F+032F,ɑo̯,NA,FALSE,vowel,fake,0,-,"+,-",-,-,-,+,+,0,+,-,-,-,-,"-,+",+,-,-,0,0,0,+,-,"+,-",-,+,+,-,-,+,-,-,-,0,-,-,0
1,kore1280,kor,NA,NA,0251+0075,ɑu,NA,FALSE,vowel,fake,0,-,+,-,-,-,+,+,0,+,-,-,-,-,"-,+",+,-,-,0,0,0,+,"-,+","+,-",-,+,+,-,-,+,-,-,-,0,-,-,0
1,kore1280,kor,NA,NA,0251+0075+032F,ɑu̯,NA,FALSE,vowel,fake,0,-,"+,-",-,-,-,+,+,0,+,-,-,-,-,"-,+",+,-,-,0,0,0,+,"-,+","+,-",-,+,+,-,-,+,-,-,-,0,-,-,0
1,kore1280,kor,NA,NA,0251+028A,ɑʊ,NA,FALSE,vowel,fake,0,-,+,-,-,-,+,+,0,+,-,-,-,-,"-,+",+,-,-,0,0,0,+,"-,+","+,-",-,+,-,-,-,+,-,-,-,0,-,-,0
1,kore1280,kor,NA,NA,252,ɒ,NA,FALSE,vowel,fake,0,-,+,-,-,-,+,+,0,+,-,-,-,-,+,+,-,-,0,0,0,+,-,+,-,+,0,-,-,+,-,-,-,0,-,-,0
1,kore1280,kor,NA,NA,0252+0254,ɒɔ,NA,FALSE,vowel,fake,0,-,+,-,-,-,+,+,0,+,-,-,-,-,+,+,-,-,0,0,0,+,-,"+,-",-,+,-,-,-,+,-,-,-,0,-,-,0
1,kore1280,kor,NA,NA,62,b,NA,FALSE,consonant,fake,0,-,-,-,-,+,-,-,-,-,-,-,-,-,+,-,-,-,0,0,0,-,0,0,0,0,0,0,0,+,-,-,-,-,-,-,-
1,kore1280,kor,NA,NA,0062+0330,b̰,NA,FALSE,consonant,fake,0,-,-,-,-,+,-,-,-,-,-,-,-,-,+,-,-,-,0,0,0,-,0,0,0,0,0,0,0,+,-,-,+,-,-,-,-
1,kore1280,kor,NA,NA,0062+02DE,bʵ,NA,FALSE,consonant,fake,0,-,-,-,-,+,-,-,-,-,-,-,-,-,+,-,-,+,+,+,+,+,0,0,0,0,0,0,0,+,-,-,-,-,-,-,-
1,kore1280,kor,NA,NA,0062+02B1,bʱ,NA,FALSE,consonant,fake,0,-,-,-,-,+,-,-,-,-,-,-,-,-,+,-,-,-,0,0,0,-,0,0,0,0,0,0,0,+,-,+,-,-,-,-,-
1,kore1280,kor,NA,NA,0062+02B2,bʲ,NA,FALSE,consonant,fake,0,-,-,-,-,+,-,-,-,-,-,-,-,-,+,-,-,-,0,0,0,+,+,-,+,-,0,0,0,+,-,-,-,-,-,-,-
1,kore1280,kor,NA,NA,0062+0076,bv,NA,FALSE,consonant,fake,0,-,-,-,-,+,-,-,+,-,-,-,-,-,+,-,+,-,0,0,0,-,0,0,0,0,0,0,0,+,-,-,-,-,-,-,-
1,kore1280,kor,NA,NA,0062+02B7,bʷ,NA,FALSE,consonant,fake,0,-,-,-,-,+,-,-,-,-,-,-,-,-,+,+,-,-,0,0,0,-,0,0,0,0,0,0,0,+,-,-,-,-,-,-,-
1,kore1280,kor,NA,NA,63,c,NA,FALSE,consonant,fake,0,-,-,-,-,+,-,-,-,-,-,-,-,-,-,0,0,+,-,+,-,+,+,-,+,-,0,0,0,-,-,-,-,-,-,-,-
1,kore1280,kor,NA,NA,0.00E+00,ç,NA,FALSE,consonant,fake,0,-,-,-,-,+,-,+,+,-,-,-,-,-,-,0,0,+,-,+,-,+,+,-,+,-,0,0,0,-,-,-,-,-,-,-,-
1,kore1280,kor,NA,NA,0063+00E7,cç,NA,FALSE,consonant,fake,0,-,-,-,-,+,-,-,+,-,-,-,-,-,-,0,0,+,-,+,-,+,+,-,+,-,0,0,0,-,-,-,-,-,-,-,-
1,kore1280,kor,NA,NA,0063+02B0,cʰ,NA,FALSE,consonant,fake,0,-,-,-,-,+,-,-,-,-,-,-,-,-,-,0,0,+,-,+,-,+,+,-,+,-,0,0,0,-,-,+,-,-,-,-,-
1,kore1280,kor,NA,NA,0063+02B7,cʷ,NA,FALSE,consonant,fake,0,-,-,-,-,+,-,-,-,-,-,-,-,-,+,+,-,+,-,+,-,+,+,-,+,-,0,0,0,-,-,-,-,-,-,-,-
1,kore1280,kor,NA,NA,00E7+02B7,çʷ,NA,FALSE,consonant,fake,0,-,-,-,-,+,-,+,+,-,-,-,-,-,+,+,-,+,-,+,-,+,+,-,+,-,0,0,0,-,-,-,-,-,-,-,-
1,kore1280,kor,NA,NA,255,ɕ,NA,FALSE,consonant,fake,0,-,-,-,-,+,-,+,+,-,-,-,-,-,-,0,0,+,+,+,+,+,+,-,+,-,0,0,0,-,-,-,-,-,-,-,-
1,kore1280,kor,NA,NA,0255+02B0,ɕʰ,NA,FALSE,consonant,fake,0,-,-,-,-,+,-,+,+,-,-,-,-,-,-,0,0,+,+,+,+,+,+,-,+,-,0,0,0,-,-,+,-,-,-,-,-
1,kore1280,kor,NA,NA,64,d,NA,FALSE,consonant,fake,0,-,-,-,-,+,-,-,-,-,-,-,-,-,-,0,0,+,+,-,-,-,0,0,0,0,0,0,0,+,-,-,-,-,-,-,-
1,kore1280,kor,NA,NA,0064+032A,d̪,NA,FALSE,consonant,fake,0,-,-,-,-,+,-,-,-,-,-,-,-,-,-,0,0,+,+,+,-,-,0,0,0,0,0,0,0,+,-,-,-,-,-,-,-
ɨ,kore1280,kor,NA,NA,,d̪̰,NA,FALSE,consonant,fake,0,-,-,-,-,+,-,-,-,-,-,-,-,-,-,0,0,+,+,+,-,-,0,0,0,0,0,0,0,+,-,-,+,-,-,-,-
1,kore1280,kor,NA,NA,0064+033B,d̻,NA,FALSE,consonant,fake,0,-,-,-,-,+,-,-,-,-,-,-,-,-,-,0,0,+,+,+,-,-,0,0,0,0,0,0,0,+,-,-,-,-,-,-,-
1,kore1280,kor,NA,NA,00F0,ð,NA,FALSE,consonant,fake,0,-,-,-,-,+,-,+,+,-,-,-,-,-,-,0,0,+,+,+,-,-,0,0,0,0,0,0,0,+,-,-,-,-,-,-,-
1,kore1280,kor,NA,NA,00F0+031E,ð̞,NA,FALSE,consonant,fake,0,-,-,-,-,-,+,+,0,+,-,-,-,-,-,0,0,+,+,+,-,-,0,0,0,0,0,0,0,+,-,-,-,-,-,-,-
1,kore1280,kor,NA,NA,00F0+032A,ð̪,NA,FALSE,consonant,fake,0,-,-,-,-,+,-,+,+,-,-,-,-,-,-,0,0,+,+,+,-,-,0,0,0,0,0,0,0,+,-,-,-,-,-,-,-
1,kore1280,kor,NA,NA,0064+02D0,dː,NA,FALSE,consonant,fake,0,-,-,-,+,+,-,-,-,-,-,-,-,-,-,0,0,+,+,-,-,-,0,0,0,0,0,0,0,+,-,-,-,-,-,-,-
1,kore1280,kor,NA,NA,0064+02B1,dʱ,NA,FALSE,consonant,fake,0,-,-,-,-,+,-,-,-,-,-,-,-,-,-,0,0,+,+,-,-,-,0,0,0,0,0,0,0,+,-,+,-,-,-,-,-
1,kore1280,kor,NA,NA,0064+02B2,dʲ,NA,FALSE,consonant,fake,0,-,-,-,-,+,-,-,-,-,-,-,-,-,-,0,0,+,+,-,-,+,+,-,+,-,0,0,0,+,-,-,-,-,-,-,-
1,kore1280,kor,NA,NA,0064+0320+02B2,ȡ,NA,FALSE,consonant,fake,0,-,-,-,-,+,-,-,-,-,-,-,-,-,-,0,0,+,+,-,-,+,+,-,+,-,0,0,0,+,-,-,-,-,-,-,-
1,kore1280,kor,NA,NA,0064+02B7,dʷ,NA,FALSE,consonant,fake,0,-,-,-,-,+,-,-,-,-,-,-,-,-,+,+,-,+,+,-,-,-,0,0,0,0,0,0,0,+,-,-,-,-,-,-,-
1,kore1280,kor,NA,NA,0064+007A,dz,NA,FALSE,consonant,fake,0,-,-,-,-,+,-,-,+,-,-,-,-,-,-,0,0,+,+,-,+,-,0,0,0,0,0,0,0,+,-,-,-,-,-,-,-
1,kore1280,kor,NA,NA,0064+007A+032A,dz̪,NA,FALSE,consonant,fake,0,-,-,-,-,+,-,-,+,-,-,-,-,-,-,0,0,+,+,+,+,-,0,0,0,0,0,0,0,+,-,-,-,-,-,-,-
1,kore1280,kor,NA,NA,0064+0290,dʐ,NA,FALSE,consonant,fake,0,-,-,-,-,+,-,"-,+","-,+",-,-,-,-,-,-,0,0,+,"+,-",-,"-,+",-,0,0,0,0,0,0,0,+,-,-,-,-,-,-,-
1,kore1280,kor,NA,NA,0064+0291,dʑ,NA,FALSE,consonant,fake,0,-,-,-,-,+,-,"-,+","-,+",-,-,-,-,-,-,0,0,+,+,"-,+","-,+","-,+",+,-,+,-,0,0,0,+,-,-,-,-,-,-,-
1,kore1280,kor,NA,NA,0064+0291+02B1,dʑʱ,NA,FALSE,consonant,fake,0,-,-,-,-,+,-,"-,+","-,+",-,-,-,-,-,-,0,0,+,+,"-,+","-,+","-,+",+,-,+,-,0,0,0,+,-,"-,+",-,-,-,-,-
1,kore1280,kor,NA,NA,0064+0292,dʒ,NA,FALSE,consonant,fake,0,-,-,-,-,+,-,-,+,-,-,-,-,-,-,0,0,+,-,+,+,-,0,0,0,0,0,0,0,+,-,-,-,-,-,-,-
1,kore1280,kor,NA,NA,0064+0292+02B1,dʒʱ,NA,FALSE,consonant,fake,0,-,-,-,-,+,-,-,+,-,-,-,-,-,-,0,0,+,-,+,+,-,0,0,0,0,0,0,0,+,-,+,-,-,-,-,-
1,kore1280,kor,NA,NA,256,ɖ,NA,FALSE,consonant,fake,0,-,-,-,-,+,-,-,-,-,-,-,-,-,-,0,0,+,-,-,-,-,0,0,0,0,0,0,0,+,-,-,-,-,-,-,-
1,kore1280,kor,NA,NA,65,e,NA,FALSE,vowel,fake,0,-,+,-,-,-,+,+,0,+,-,-,-,-,-,0,0,-,0,0,0,+,-,-,+,-,+,-,-,+,-,-,-,0,-,-,0
1,kore1280,kor,NA,NA,0065+0306,ĕ,NA,FALSE,vowel,fake,0,-,+,+,-,-,+,+,0,+,-,-,-,-,-,0,0,-,0,0,0,+,-,-,+,-,+,-,-,+,-,-,-,0,-,-,0
1,kore1280,kor,NA,NA,0065+0308,ë,NA,FALSE,vowel,fake,0,-,+,-,-,-,+,+,0,+,-,-,-,-,-,0,0,-,0,0,0,+,-,-,0,-,0,-,-,+,-,-,-,0,-,-,0
1,kore1280,kor,NA,NA,0065+0303,ẽ,NA,FALSE,vowel,fake,0,-,+,-,-,-,+,+,0,+,-,-,+,-,-,0,0,-,0,0,0,+,-,-,+,-,+,-,-,+,-,-,-,0,-,-,0
1,kore1280,kor,NA,NA,0065+031D,e̝,NA,FALSE,vowel,fake,0,-,+,-,-,-,+,+,0,+,-,-,-,-,-,0,0,-,0,0,0,+,0,-,+,-,+,-,-,+,-,-,-,0,-,-,0
1,kore1280,kor,NA,NA,0065+031E,e̞,NA,FALSE,vowel,fake,0,-,+,-,-,-,+,+,0,+,-,-,-,-,-,0,0,-,0,0,0,+,-,-,+,-,0,-,-,+,-,-,-,0,-,-,0
1,kore1280,kor,NA,NA,0065+032F,e̯,NA,FALSE,vowel,fake,0,-,-,-,-,-,+,+,0,+,-,-,-,-,-,0,0,-,0,0,0,+,-,-,+,-,+,-,-,+,-,-,-,0,-,-,0
1,kore1280,kor,NA,NA,0065+0324,e̤,NA,FALSE,vowel,fake,0,-,+,-,-,-,+,+,0,+,-,-,-,-,-,0,0,-,0,0,0,+,-,-,+,-,+,-,-,+,-,+,-,0,-,-,0
1,kore1280,kor,NA,NA,0065+0324+0303,ẽ̤,NA,FALSE,vowel,fake,0,-,+,-,-,-,+,+,0,+,-,-,+,-,-,0,0,-,0,0,0,+,-,-,+,-,+,-,-,+,-,+,-,0,-,-,0
1,kore1280,kor,NA,NA,0065+0325,e̥,NA,FALSE,vowel,fake,0,-,+,-,-,-,+,+,0,+,-,-,-,-,-,0,0,-,0,0,0,+,-,-,+,-,+,-,-,-,-,-,-,0,-,-,0
1,kore1280,kor,NA,NA,0065+0330,ḛ,NA,FALSE,vowel,fake,0,-,+,-,-,-,+,+,0,+,-,-,-,-,-,0,0,-,0,0,0,+,-,-,+,-,+,-,-,+,-,-,+,0,-,-,0
1,kore1280,kor,NA,NA,0065+02DE,eʵ,NA,FALSE,vowel,fake,0,-,+,-,-,-,+,+,0,+,-,-,-,-,-,0,0,+,+,+,+,+,-,-,+,-,+,-,-,+,-,-,-,0,-,-,0
1,kore1280,kor,NA,NA,0065+02DE+02D0,eʵː,NA,FALSE,vowel,fake,0,-,+,-,+,-,+,+,0,+,-,-,-,-,-,0,0,+,+,+,+,+,-,-,+,-,+,-,-,+,-,-,-,0,-,-,0
1,kore1280,kor,NA,NA,0065+02D0,eː,NA,FALSE,vowel,fake,0,-,+,-,+,-,+,+,0,+,-,-,-,-,-,0,0,-,0,0,0,+,-,-,+,-,+,-,-,+,-,-,-,0,-,-,0
1,kore1280,kor,NA,NA,0065+0303+02D0,ẽː,NA,FALSE,vowel,fake,0,-,+,-,+,-,+,+,0,+,-,-,+,-,-,0,0,-,0,0,0,+,-,-,+,-,+,-,-,+,-,-,-,0,-,-,0
1,kore1280,kor,NA,NA,0065+0324+02D0,e̤ː,NA,FALSE,vowel,fake,0,-,+,-,+,-,+,+,0,+,-,-,-,-,-,0,0,-,0,0,0,+,-,-,+,-,+,-,-,+,-,+,-,0,-,-,0
1,kore1280,kor,NA,NA,0065+0324+0303+02D0,ẽ̤ː,NA,FALSE,vowel,fake,0,-,+,-,+,-,+,+,0,+,-,-,+,-,-,0,0,-,0,0,0,+,-,-,+,-,+,-,-,+,-,+,-,0,-,-,0
1,kore1280,kor,NA,NA,0065+02D0+0075+032F,eːu̯,NA,FALSE,vowel,fake,0,-,"+,-",-,"+,-",-,+,+,0,+,-,-,-,-,"-,+",+,-,-,0,0,0,+,"-,+",-,"+,-","-,+",+,-,-,+,-,-,-,0,-,-,0
1,kore1280,kor,NA,NA,0065+0061,ea,NA,FALSE,vowel,fake,0,-,+,-,-,-,+,+,0,+,-,-,-,-,-,0,0,-,0,0,0,+,-,"-,+","+,-",-,+,-,-,+,-,-,-,0,-,-,0
1,kore1280,kor,NA,NA,0065+032F+0061,e̯a,NA,FALSE,vowel,fake,0,-,"-,+",-,-,-,+,+,0,+,-,-,-,-,-,0,0,-,0,0,0,+,-,"-,+","+,-",-,+,-,-,+,-,-,-,0,-,-,0
1,kore1280,kor,NA,NA,0065+0251,eɑ,NA,FALSE,vowel,fake,0,-,+,-,-,-,+,+,0,+,-,-,-,-,-,0,0,-,0,0,0,+,-,"-,+","+,-","-,+",+,-,-,+,-,-,-,0,-,-,0
1,kore1280,kor,NA,NA,0065+0259+032F,eə̯,NA,FALSE,vowel,fake,0,-,"+,-",-,-,-,+,+,0,+,-,-,-,-,-,0,0,-,0,0,0,+,-,-,"+,-",-,"+,-",-,-,+,-,-,-,0,-,-,0
1,kore1280,kor,NA,NA,0065+0069,ei,NA,FALSE,vowel,fake,0,-,+,-,-,-,+,+,0,+,-,-,-,-,-,0,0,-,0,0,0,+,"-,+",-,+,-,+,-,-,+,-,-,-,0,-,-,0
1,kore1280,kor,NA,NA,0065+0069+032F,ei̯,NA,FALSE,vowel,fake,0,-,"+,-",-,-,-,+,+,0,+,-,-,-,-,-,0,0,-,0,0,0,+,"-,+",-,+,-,+,-,-,+,-,-,-,0,-,-,0
1,kore1280,kor,NA,NA,0065+0303+0069,ẽi,NA,FALSE,vowel,fake,0,-,+,-,-,-,+,+,0,+,-,-,"+,-",-,-,0,0,-,0,0,0,+,"-,+",-,+,-,+,-,-,+,-,-,-,0,-,-,0
1,kore1280,kor,NA,NA,0065+0303+0069+032F,ẽi̯,NA,FALSE,vowel,fake,0,-,"+,-",-,-,-,+,+,0,+,-,-,"+,-",-,-,0,0,-,0,0,0,+,"-,+",-,+,-,+,-,-,+,-,-,-,0,-,-,0
1,kore1280,kor,NA,NA,0065+0303+0069+032F+0303,ẽĩ̯,NA,FALSE,vowel,fake,0,-,"+,-",-,-,-,+,+,0,+,-,-,+,-,-,0,0,-,0,0,0,+,"-,+",-,+,-,+,-,-,+,-,-,-,0,-,-,0
1,kore1280,kor,NA,NA,0065+031D+0069,e̝i,NA,FALSE,vowel,fake,0,-,+,-,-,-,+,+,0,+,-,-,-,-,-,0,0,-,0,0,0,+,+,-,+,-,+,-,-,+,-,-,-,0,-,-,0
1,kore1280,kor,NA,NA,0065+0303+026A,ẽɪ,NA,FALSE,vowel,fake,0,-,+,-,-,-,+,+,0,+,-,-,"+,-",-,-,0,0,-,0,0,0,+,"-,+",-,+,-,"+,-",-,-,+,-,-,-,0,-,-,0
1,kore1280,kor,NA,NA,0065+0324+0303+026A,ẽ̤ɪ,NA,FALSE,vowel,fake,0,-,+,-,-,-,+,+,0,+,-,-,"+,-",-,-,0,0,-,0,0,0,+,"-,+",-,+,-,"+,-",-,-,+,-,"+,-",-,0,-,-,0
1,kore1280,kor,NA,NA,0065+0330+0303+026A,ḛ̃ɪ,NA,FALSE,vowel,fake,0,-,+,-,-,-,+,+,0,+,-,-,"+,-",-,-,0,0,-,0,0,0,+,"-,+",-,+,-,"+,-",-,-,+,-,-,"+,-",0,-,-,0
1,kore1280,kor,NA,NA,0065+026A+02C0,eɪˀ,NA,FALSE,vowel,fake,0,-,+,-,-,-,+,+,0,+,-,-,-,-,-,0,0,-,0,0,0,+,"-,+",-,+,-,"+,-",-,-,+,-,-,"-,+",0,-,-,0
1,kore1280,kor,NA,NA,0065+006F,eo,NA,FALSE,vowel,fake,0,-,+,-,-,-,+,+,0,+,-,-,-,-,"-,+",+,-,-,0,0,0,+,-,-,"+,-","-,+",+,-,-,+,-,-,-,0,-,-,0
1,kore1280,kor,NA,NA,0065+006F+032F,eo̯,NA,FALSE,vowel,fake,0,-,"+,-",-,-,-,+,+,0,+,-,-,-,-,"-,+",+,-,-,0,0,0,+,-,-,"+,-","-,+",+,-,-,+,-,-,-,0,-,-,0
1,kore1280,kor,NA,NA,0065+032F+006F,e̯o,NA,FALSE,vowel,fake,0,-,"-,+",-,-,-,+,+,0,+,-,-,-,-,"-,+",+,-,-,0,0,0,+,-,-,"+,-","-,+",+,-,-,+,-,-,-,0,-,-,0
1,kore1280,kor,NA,NA,0065+0075,eu,NA,FALSE,vowel,fake,0,-,+,-,-,-,+,+,0,+,-,-,-,-,"-,+",+,-,-,0,0,0,+,"-,+",-,"+,-","-,+",+,-,-,+,-,-,-,0,-,-,0
1,kore1280,kor,NA,NA,0065+0075+032F,eu̯,NA,FALSE,vowel,fake,0,-,"+,-",-,-,-,+,+,0,+,-,-,-,-,"-,+",+,-,-,0,0,0,+,"-,+",-,"+,-","-,+",+,-,-,+,-,-,-,0,-,-,0
1,kore1280,kor,NA,NA,0065+032F+026F,e̯ɯ,NA,FALSE,vowel,fake,0,-,"-,+",-,-,-,+,+,0,+,-,-,-,-,-,0,0,-,0,0,0,+,"-,+",-,"+,-","-,+",+,-,-,+,-,-,-,0,-,-,0
1,kore1280,kor,NA,NA,0065+02C0,eˀ,NA,FALSE,vowel,fake,0,-,+,-,-,-,+,+,0,+,-,-,-,-,-,0,0,-,0,0,0,+,-,-,+,-,+,-,-,+,-,-,+,0,-,-,0
1,kore1280,kor,NA,NA,259,ə,NA,FALSE,vowel,fake,0,-,+,-,-,-,+,+,0,+,-,-,-,-,-,0,0,-,0,0,0,+,-,-,-,-,-,-,-,+,-,-,-,0,-,-,0
1,kore1280,kor,NA,NA,0259+0306,ə̆,NA,FALSE,vowel,fake,0,-,+,+,-,-,+,+,0,+,-,-,-,-,-,0,0,-,0,0,0,+,-,-,-,-,-,-,-,+,-,-,-,0,-,-,0
1,kore1280,kor,NA,NA,0259+0303,ə̃,NA,FALSE,vowel,fake,0,-,+,-,-,-,+,+,0,+,-,-,+,-,-,0,0,-,0,0,0,+,-,-,-,-,-,-,-,+,-,-,-,0,-,-,0
1,kore1280,kor,NA,NA,0259+0324,ə̤,NA,FALSE,vowel,fake,0,-,+,-,-,-,+,+,0,+,-,-,-,-,-,0,0,-,0,0,0,+,-,-,-,-,-,-,-,+,-,+,-,0,-,-,0
1,kore1280,kor,NA,NA,0259+0330,ə̰,NA,FALSE,vowel,fake,0,-,+,-,-,-,+,+,0,+,-,-,-,-,-,0,0,-,0,0,0,+,-,-,-,-,-,-,-,+,-,-,+,0,-,-,0
1,kore1280,kor,NA,NA,0259+02DE,əʵ,NA,FALSE,vowel,fake,0,-,+,-,-,-,+,+,0,+,-,-,-,-,-,0,0,+,+,+,+,+,-,-,-,-,-,-,-,+,-,-,-,0,-,-,0
1,kore1280,kor,NA,NA,0259+02D0,əː,NA,FALSE,vowel,fake,0,-,+,-,+,-,+,+,0,+,-,-,-,-,-,0,0,-,0,0,0,+,-,-,-,-,-,-,-,+,-,-,-,0,-,-,0
1,kore1280,kor,NA,NA,0259+0303+02D0,ə̃ː,NA,FALSE,vowel,fake,0,-,+,-,+,-,+,+,0,+,-,-,+,-,-,0,0,-,0,0,0,+,-,-,-,-,-,-,-,+,-,-,-,0,-,-,0
1,kore1280,kor,NA,NA,0259+0069,əi,NA,FALSE,vowel,fake,0,-,+,-,-,-,+,+,0,+,-,-,-,-,-,0,0,-,0,0,0,+,"-,+",-,"-,+",-,"-,+",-,-,+,-,-,-,0,-,-,0
1,kore1280,kor,NA,NA,0259+0069+032F,əi̯,NA,FALSE,vowel,fake,0,-,"+,-",-,-,-,+,+,0,+,-,-,-,-,-,0,0,-,0,0,0,+,"-,+",-,"-,+",-,"-,+",-,-,+,-,-,-,0,-,-,0
1,kore1280,kor,NA,NA,0259+032F+0069,ə̯i,NA,FALSE,vowel,fake,0,-,"-,+",-,-,-,+,+,0,+,-,-,-,-,-,0,0,-,0,0,0,+,"-,+",-,"-,+",-,"-,+",-,-,+,-,-,-,0,-,-,0
1,kore1280,kor,NA,NA,0259+0075+032F,əu̯,NA,FALSE,vowel,fake,0,-,"+,-",-,-,-,+,+,0,+,-,-,-,-,"-,+",+,-,-,0,0,0,+,"-,+",-,-,"-,+","-,+",-,-,+,-,-,-,0,-,-,0
1,kore1280,kor,NA,NA,0259+0303+026F+032F,ə̃ɯ̯,NA,FALSE,vowel,fake,0,-,"+,-",-,-,-,+,+,0,+,-,-,"+,-",-,-,0,0,-,0,0,0,+,"-,+",-,-,"-,+","-,+",-,-,+,-,-,-,0,-,-,0
1,kore1280,kor,NA,NA,025B,ɛ,NA,FALSE,vowel,fake,0,-,+,-,-,-,+,+,0,+,-,-,-,-,-,0,0,-,0,0,0,+,-,-,+,-,-,-,-,+,-,-,-,0,-,-,0
1,kore1280,kor,NA,NA,025B+0306,ɛ̆,NA,FALSE,vowel,fake,0,-,+,+,-,-,+,+,0,+,-,-,-,-,-,0,0,-,0,0,0,+,-,-,+,-,-,-,-,+,-,-,-,0,-,-,0
1,kore1280,kor,NA,NA,025B+0303,ɛ̃,NA,FALSE,vowel,fake,0,-,+,-,-,-,+,+,0,+,-,-,+,-,-,0,0,-,0,0,0,+,-,-,+,-,-,-,-,+,-,-,-,0,-,-,0
1,kore1280,kor,NA,NA,025B+0324,ɛ̤,NA,FALSE,vowel,fake,0,-,+,-,-,-,+,+,0,+,-,-,-,-,-,0,0,-,0,0,0,+,-,-,+,-,-,-,-,+,-,+,-,0,-,-,0
1,kore1280,kor,NA,NA,025B+0330,ɛ̰,NA,FALSE,vowel,fake,0,-,+,-,-,-,+,+,0,+,-,-,-,-,-,0,0,-,0,0,0,+,-,-,+,-,-,-,-,+,-,-,+,0,-,-,0
1,kore1280,kor,NA,NA,025B+02D0,ɛː,NA,FALSE,vowel,fake,0,-,+,-,+,-,+,+,0,+,-,-,-,-,-,0,0,-,0,0,0,+,-,-,+,-,-,-,-,+,-,-,-,0,-,-,0
1,kore1280,kor,NA,NA,025B+0303+02D0,ɛ̃ː,NA,FALSE,vowel,fake,0,-,+,-,+,-,+,+,0,+,-,-,+,-,-,0,0,-,0,0,0,+,-,-,+,-,-,-,-,+,-,-,-,0,-,-,0
1,kore1280,kor,NA,NA,025B+02D0+0069+032F,ɛːi̯,NA,FALSE,vowel,fake,0,-,"+,-",-,"+,-",-,+,+,0,+,-,-,-,-,-,0,0,-,0,0,0,+,"-,+",-,+,-,"-,+",-,-,+,-,-,-,0,-,-,0
1,kore1280,kor,NA,NA,025B+0069,ɛi,NA,FALSE,vowel,fake,0,-,+,-,-,-,+,+,0,+,-,-,-,-,-,0,0,-,0,0,0,+,"-,+",-,+,-,"-,+",-,-,+,-,-,-,0,-,-,0
1,kore1280,kor,NA,NA,025B+0069+032F,ɛi̯,NA,FALSE,vowel,fake,0,-,"+,-",-,-,-,+,+,0,+,-,-,-,-,-,0,0,-,0,0,0,+,"-,+",-,+,-,"-,+",-,-,+,-,-,-,0,-,-,0
1,kore1280,kor,NA,NA,025B+026A+032F,ɛɪ̯,NA,FALSE,vowel,fake,0,-,"+,-",-,-,-,+,+,0,+,-,-,-,-,-,0,0,-,0,0,0,+,"-,+",-,+,-,-,-,-,+,-,-,-,0,-,-,0
1,kore1280,kor,NA,NA,025B+0075,ɛu,NA,FALSE,vowel,fake,0,-,+,-,-,-,+,+,0,+,-,-,-,-,"-,+",+,-,-,0,0,0,+,"-,+",-,"+,-","-,+","-,+",-,-,+,-,-,-,0,-,-,0
1,kore1280,kor,NA,NA,025B+0075+032F,ɛu̯,NA,FALSE,vowel,fake,0,-,"+,-",-,-,-,+,+,0,+,-,-,-,-,"-,+",+,-,-,0,0,0,+,"-,+",-,"+,-","-,+","-,+",-,-,+,-,-,-,0,-,-,0
1,kore1280,kor,NA,NA,025B+028A,ɛʊ,NA,FALSE,vowel,fake,0,-,+,-,-,-,+,+,0,+,-,-,-,-,"-,+",+,-,-,0,0,0,+,"-,+",-,"+,-","-,+",-,-,-,+,-,-,-,0,-,-,0
1,kore1280,kor,NA,NA,025B+02C0,ɛˀ,NA,FALSE,vowel,fake,0,-,+,-,-,-,+,+,0,+,-,-,-,-,-,0,0,-,0,0,0,+,-,-,+,-,-,-,-,+,-,-,+,0,-,-,0
1,kore1280,kor,NA,NA,258,ɘ,NA,FALSE,vowel,fake,0,-,+,-,-,-,+,+,0,+,-,-,-,-,-,0,0,-,0,0,0,+,-,-,-,-,+,-,-,+,-,-,-,0,-,-,0
1,kore1280,kor,NA,NA,0258+02D0,ɘː,NA,FALSE,vowel,fake,0,-,+,-,+,-,+,+,0,+,-,-,-,-,-,0,0,-,0,0,0,+,-,-,-,-,+,-,-,+,-,-,-,0,-,-,0
1,kore1280,kor,NA,NA,025C,ɜ,NA,FALSE,vowel,fake,0,-,+,-,-,-,+,+,0,+,-,-,-,-,-,0,0,-,0,0,0,+,-,-,-,-,-,-,-,+,-,-,-,0,-,-,0
1,kore1280,kor,NA,NA,025C+0306,ɜ̆,NA,FALSE,vowel,fake,0,-,+,+,-,-,+,+,0,+,-,-,-,-,-,0,0,-,0,0,0,+,-,-,-,-,-,-,-,+,-,-,-,0,-,-,0
1,kore1280,kor,NA,NA,025C+02D0,ɜː,NA,FALSE,vowel,fake,0,-,+,-,+,-,+,+,0,+,-,-,-,-,-,0,0,-,0,0,0,+,-,-,-,-,-,-,-,+,-,-,-,0,-,-,0
1,kore1280,kor,NA,NA,025C+0303+02D0,ɜ̃ː,NA,FALSE,vowel,fake,0,-,+,-,+,-,+,+,0,+,-,-,+,-,-,0,0,-,0,0,0,+,-,-,-,-,-,-,-,+,-,-,-,0,-,-,0
1,kore1280,kor,NA,NA,025C+0324+02D0,ɜ̤ː,NA,FALSE,vowel,fake,0,-,+,-,+,-,+,+,0,+,-,-,-,-,-,0,0,-,0,0,0,+,-,-,-,-,-,-,-,+,-,+,-,0,-,-,0
1,kore1280,kor,NA,NA,025C+0324+0303+02D0,ɜ̤̃ː,NA,FALSE,vowel,fake,0,-,+,-,+,-,+,+,0,+,-,-,+,-,-,0,0,-,0,0,0,+,-,-,-,-,-,-,-,+,-,+,-,0,-,-,0
1,kore1280,kor,NA,NA,025C+0069+032F,ɜi̯,NA,FALSE,vowel,fake,0,-,"+,-",-,-,-,+,+,0,+,-,-,-,-,-,0,0,-,0,0,0,+,"-,+",-,"-,+",-,"-,+",-,-,+,-,-,-,0,-,-,0
1,kore1280,kor,NA,NA,025E,ɞ,NA,FALSE,vowel,fake,0,-,+,-,-,-,+,+,0,+,-,-,-,-,+,+,-,-,0,0,0,+,-,-,-,-,-,-,-,+,-,-,-,0,-,-,0
1,kore1280,kor,NA,NA,025E+02D0,ɞː,NA,FALSE,vowel,fake,0,-,+,-,+,-,+,+,0,+,-,-,-,-,+,+,-,-,0,0,0,+,-,-,-,-,-,-,-,+,-,-,-,0,-,-,0
1,kore1280,kor,NA,NA,264,ɤ,NA,FALSE,vowel,fake,0,-,+,-,-,-,+,+,0,+,-,-,-,-,-,0,0,-,0,0,0,+,-,-,-,+,+,-,-,+,-,-,-,0,-,-,0
1,kore1280,kor,NA,NA,0264+02C0,ɤˀ,NA,FALSE,vowel,fake,0,-,+,-,-,-,+,+,0,+,-,-,-,-,-,0,0,-,0,0,0,+,-,-,-,+,+,-,-,+,-,-,+,0,-,-,0
1,kore1280,kor,NA,NA,66,f,NA,FALSE,consonant,fake,0,-,-,-,-,+,-,+,+,-,-,-,-,-,+,-,+,-,0,0,0,-,0,0,0,0,0,0,0,-,-,-,-,-,-,-,-
1,kore1280,kor,NA,NA,0066+02D0,fː,NA,FALSE,consonant,fake,0,-,-,-,+,+,-,+,+,-,-,-,-,-,+,-,+,-,0,0,0,-,0,0,0,0,0,0,0,-,-,-,-,-,-,-,-
1,kore1280,kor,NA,NA,0066+02B7,fʷ,NA,FALSE,consonant,fake,0,-,-,-,-,+,-,+,+,-,-,-,-,-,+,+,-,-,0,0,0,-,0,0,0,0,0,0,0,-,-,-,-,-,-,-,-
1,kore1280,kor,NA,NA,261,g,NA,FALSE,consonant,fake,0,-,-,-,-,+,-,-,-,-,-,-,-,-,-,0,0,-,0,0,0,+,+,-,-,-,0,0,0,+,-,-,-,-,-,-,-
1,kore1280,kor,NA,NA,0261+0330,g̰,NA,FALSE,consonant,fake,0,-,-,-,-,+,-,-,-,-,-,-,-,-,-,0,0,-,0,0,0,+,+,-,-,-,0,0,0,+,-,-,+,-,-,-,-
1,kore1280,kor,NA,NA,0261+02DE,gʵ,NA,FALSE,consonant,fake,0,-,-,-,-,+,-,-,-,-,-,-,-,-,-,0,0,+,+,+,+,+,+,-,-,-,0,0,0,+,-,-,-,-,-,-,-
1,kore1280,kor,NA,NA,0261+0062,gb,NA,FALSE,consonant,fake,0,-,-,-,-,+,-,-,-,-,-,-,-,-,+,-,-,-,0,0,0,+,+,-,-,-,0,0,0,+,-,-,-,-,-,-,-
1,kore1280,kor,NA,NA,0261+0263,gɣ,NA,FALSE,consonant,fake,0,-,-,-,-,+,-,-,+,-,-,-,-,-,-,0,0,-,0,0,0,+,+,-,-,-,0,0,0,+,-,-,-,-,-,-,-
1,kore1280,kor,NA,NA,0261+02B1,gʱ,NA,FALSE,consonant,fake,0,-,-,-,-,+,-,-,-,-,-,-,-,-,-,0,0,-,0,0,0,+,+,-,-,-,0,0,0,+,-,+,-,-,-,-,-
1,kore1280,kor,NA,NA,0261+02B2,gʲ,NA,FALSE,consonant,fake,0,-,-,-,-,+,-,-,-,-,-,-,-,-,-,0,0,-,0,0,0,+,+,-,+,-,0,0,0,+,-,-,-,-,-,-,-
1,kore1280,kor,NA,NA,0261+029F+0353,gʟ͓,NA,FALSE,consonant,fake,0,-,-,-,-,+,"-,+","-,+","-,+","-,+",-,-,-,"-,+",-,0,0,-,0,0,0,+,+,-,-,-,0,0,0,+,-,-,-,-,-,-,-
1,kore1280,kor,NA,NA,0261+02B7,gʷ,NA,FALSE,consonant,fake,0,-,-,-,-,+,-,-,-,-,-,-,-,-,+,+,-,-,0,0,0,+,+,-,-,-,0,0,0,+,-,-,-,-,-,-,-
1,kore1280,kor,NA,NA,262,ɢ,NA,FALSE,consonant,fake,0,-,-,-,-,+,-,-,-,-,-,-,-,-,-,0,0,-,0,0,0,+,-,-,-,+,0,0,0,+,-,-,-,-,-,-,-
1,kore1280,kor,NA,NA,263,ɣ,NA,FALSE,consonant,fake,0,-,-,-,-,+,-,+,+,-,-,-,-,-,-,0,0,-,0,0,0,+,+,-,-,-,0,0,0,+,-,-,-,-,-,-,-
1,kore1280,kor,NA,NA,0263+02B7,ɣʷ,NA,FALSE,consonant,fake,0,-,-,-,-,+,-,+,+,-,-,-,-,-,+,+,-,-,0,0,0,+,+,-,-,-,0,0,0,+,-,-,-,-,-,-,-
1,kore1280,kor,NA,NA,0263+03B2,ɣβ,NA,FALSE,consonant,fake,0,-,-,-,-,+,-,+,+,-,-,-,-,-,"-,+",-,-,-,0,0,0,"+,-",+,-,-,-,0,0,0,+,-,-,-,-,-,-,-
1,kore1280,kor,NA,NA,68,h,NA,FALSE,consonant,fake,0,-,-,-,-,-,-,+,+,-,-,-,-,-,-,0,0,-,0,0,0,-,0,0,0,0,0,0,0,-,-,+,-,-,-,-,-
1,kore1280,kor,NA,NA,0068+0303,h̃,NA,FALSE,consonant,fake,0,-,-,-,-,-,-,+,+,-,-,-,+,-,-,0,0,-,0,0,0,-,0,0,0,0,0,0,0,-,-,+,-,-,-,-,-
1,kore1280,kor,NA,NA,0068+02D0,hː,NA,FALSE,consonant,fake,0,-,-,-,+,-,-,+,+,-,-,-,-,-,-,0,0,-,0,0,0,-,0,0,0,0,0,0,0,-,-,+,-,-,-,-,-
1,kore1280,kor,NA,NA,0068+02B7,hʷ,NA,FALSE,consonant,fake,0,-,-,-,-,-,-,+,+,-,-,-,-,-,+,+,-,-,0,0,0,-,0,0,0,0,0,0,0,-,-,+,-,-,-,-,-
1,kore1280,kor,NA,NA,0068+0303+02B7,h̃ʷ,NA,FALSE,consonant,fake,0,-,-,-,-,-,-,+,+,-,-,-,+,-,+,+,-,-,0,0,0,-,0,0,0,0,0,0,0,-,-,+,-,-,-,-,-
1,kore1280,kor,NA,NA,266,ɦ,NA,FALSE,consonant,fake,0,-,-,-,-,-,-,+,+,-,-,-,-,-,-,0,0,-,0,0,0,-,0,0,0,0,0,0,0,+,-,+,-,-,-,-,-
1,kore1280,kor,NA,NA,69,i,NA,FALSE,vowel,fake,0,-,+,-,-,-,+,+,0,+,-,-,-,-,-,0,0,-,0,0,0,+,+,-,+,-,+,-,-,+,-,-,-,0,-,-,0
1,kore1280,kor,NA,NA,0069+0303,ĩ,NA,FALSE,vowel,fake,0,-,+,-,-,-,+,+,0,+,-,-,+,-,-,0,0,-,0,0,0,+,+,-,+,-,+,-,-,+,-,-,-,0,-,-,0
1,kore1280,kor,NA,NA,0069+031E,i̞,NA,FALSE,vowel,fake,0,-,+,-,-,-,+,+,0,+,-,-,-,-,-,0,0,-,0,0,0,+,+,-,+,-,0,-,-,+,-,-,-,0,-,-,0
1,kore1280,kor,NA,NA,0069+032F,i̯,NA,FALSE,vowel,fake,0,-,-,-,-,-,+,+,0,+,-,-,-,-,-,0,0,-,0,0,0,+,+,-,+,-,+,-,-,+,-,-,-,0,-,-,0
1,kore1280,kor,NA,NA,0069+0324,i̤,NA,FALSE,vowel,fake,0,-,+,-,-,-,+,+,0,+,-,-,-,-,-,0,0,-,0,0,0,+,+,-,+,-,+,-,-,+,-,+,-,0,-,-,0
1,kore1280,kor,NA,NA,0069+0324+0303,ĩ̤,NA,FALSE,vowel,fake,0,-,+,-,-,-,+,+,0,+,-,-,+,-,-,0,0,-,0,0,0,+,+,-,+,-,+,-,-,+,-,+,-,0,-,-,0
1,kore1280,kor,NA,NA,0069+0325,i̥,NA,FALSE,vowel,fake,0,-,+,-,-,-,+,+,0,+,-,-,-,-,-,0,0,-,0,0,0,+,+,-,+,-,+,-,-,-,-,-,-,0,-,-,0
1,kore1280,kor,NA,NA,0069+0330,ḭ,NA,FALSE,vowel,fake,0,-,+,-,-,-,+,+,0,+,-,-,-,-,-,0,0,-,0,0,0,+,+,-,+,-,+,-,-,+,-,-,+,0,-,-,0
1,kore1280,kor,NA,NA,0069+02DE,iʵ,NA,FALSE,vowel,fake,0,-,+,-,-,-,+,+,0,+,-,-,-,-,-,0,0,+,+,+,+,+,+,-,+,-,+,-,-,+,-,-,-,0,-,-,0
1,kore1280,kor,NA,NA,0069+02DE+02D0,iʵː,NA,FALSE,vowel,fake,0,-,+,-,+,-,+,+,0,+,-,-,-,-,-,0,0,+,+,+,+,+,+,-,+,-,+,-,-,+,-,-,-,0,-,-,0
1,kore1280,kor,NA,NA,0069+02D0,iː,NA,FALSE,vowel,fake,0,-,+,-,+,-,+,+,0,+,-,-,-,-,-,0,0,-,0,0,0,+,+,-,+,-,+,-,-,+,-,-,-,0,-,-,0
1,kore1280,kor,NA,NA,0069+0303+02D0,ĩː,NA,FALSE,vowel,fake,0,-,+,-,+,-,+,+,0,+,-,-,+,-,-,0,0,-,0,0,0,+,+,-,+,-,+,-,-,+,-,-,-,0,-,-,0
1,kore1280,kor,NA,NA,0069+0324+02D0,i̤ː,NA,FALSE,vowel,fake,0,-,+,-,+,-,+,+,0,+,-,-,-,-,-,0,0,-,0,0,0,+,+,-,+,-,+,-,-,+,-,+,-,0,-,-,0
1,kore1280,kor,NA,NA,0069+0324+0303+02D0,ĩ̤ː,NA,FALSE,vowel,fake,0,-,+,-,+,-,+,+,0,+,-,-,+,-,-,0,0,-,0,0,0,+,+,-,+,-,+,-,-,+,-,+,-,0,-,-,0
1,kore1280,kor,NA,NA,0069+0061,ia,NA,FALSE,vowel,fake,0,-,+,-,-,-,+,+,0,+,-,-,-,-,-,0,0,-,0,0,0,+,"+,-","-,+","+,-",-,+,-,-,+,-,-,-,0,-,-,0
1,kore1280,kor,NA,NA,0069+032F+0061,i̯a,NA,FALSE,vowel,fake,0,-,"-,+",-,-,-,+,+,0,+,-,-,-,-,-,0,0,-,0,0,0,+,"+,-","-,+","+,-",-,+,-,-,+,-,-,-,0,-,-,0
1,kore1280,kor,NA,NA,0069+032F+0061+02D0,i̯aː,NA,FALSE,vowel,fake,0,-,"-,+",-,"-,+",-,+,+,0,+,-,-,-,-,-,0,0,-,0,0,0,+,"+,-","-,+","+,-",-,+,-,-,+,-,-,-,0,-,-,0
1,kore1280,kor,NA,NA,0069+032F+0250,i̯ɐ,NA,FALSE,vowel,fake,0,-,"-,+",-,-,-,+,+,0,+,-,-,-,-,"-,+",+,-,-,0,0,0,+,"+,-","-,+","+,-",-,+,-,-,+,-,-,-,0,-,-,0
1,kore1280,kor,NA,NA,0069+0251,iɑ,NA,FALSE,vowel,fake,0,-,+,-,-,-,+,+,0,+,-,-,-,-,-,0,0,-,0,0,0,+,"+,-","-,+","+,-","-,+",+,-,-,+,-,-,-,0,-,-,0
1,kore1280,kor,NA,NA,0069+0065,ie,NA,FALSE,vowel,fake,0,-,+,-,-,-,+,+,0,+,-,-,-,-,-,0,0,-,0,0,0,+,"+,-",-,+,-,+,-,-,+,-,-,-,0,-,-,0
1,kore1280,kor,NA,NA,0069+0065+0306,iĕ,NA,FALSE,vowel,fake,0,-,+,"-,+",-,-,+,+,0,+,-,-,-,-,-,0,0,-,0,0,0,+,"+,-",-,+,-,+,-,-,+,-,-,-,0,-,-,0
1,kore1280,kor,NA,NA,0069+032F+0065,i̯e,NA,FALSE,vowel,fake,0,-,"-,+",-,-,-,+,+,0,+,-,-,-,-,-,0,0,-,0,0,0,+,"+,-",-,+,-,+,-,-,+,-,-,-,0,-,-,0
1,kore1280,kor,NA,NA,0069+032F+0065+02D0,i̯eː,NA,FALSE,vowel,fake,0,-,"-,+",-,"-,+",-,+,+,0,+,-,-,-,-,-,0,0,-,0,0,0,+,"+,-",-,+,-,+,-,-,+,-,-,-,0,-,-,0
1,kore1280,kor,NA,NA,0069+0259+032F,iə̯,NA,FALSE,vowel,fake,0,-,"+,-",-,-,-,+,+,0,+,-,-,-,-,-,0,0,-,0,0,0,+,"+,-",-,"+,-",-,"+,-",-,-,+,-,-,-,0,-,-,0
1,kore1280,kor,NA,NA,0069+032F+0259,i̯ə,NA,FALSE,vowel,fake,0,-,"-,+",-,-,-,+,+,0,+,-,-,-,-,-,0,0,-,0,0,0,+,"+,-",-,"+,-",-,"+,-",-,-,+,-,-,-,0,-,-,0
1,kore1280,kor,NA,NA,0069+032F+0259+0075+032F,i̯əu̯,NA,FALSE,vowel,fake,0,-,"-,+,-",-,-,-,+,+,0,+,-,-,-,-,"-,-,+",+,-,-,0,0,0,+,"+,-,+",-,"+,-,-","-,-,+","+,-,+",-,-,+,-,-,-,0,-,-,0
1,kore1280,kor,NA,NA,0069+025B,iɛ,NA,FALSE,vowel,fake,0,-,+,-,-,-,+,+,0,+,-,-,-,-,-,0,0,-,0,0,0,+,"+,-",-,+,-,"+,-",-,-,+,-,-,-,0,-,-,0
1,kore1280,kor,NA,NA,0069+032F+025B+0303,i̯ɛ̃,NA,FALSE,vowel,fake,0,-,"-,+",-,-,-,+,+,0,+,-,-,"-,+",-,-,0,0,-,0,0,0,+,"+,-",-,+,-,"+,-",-,-,+,-,-,-,0,-,-,0
1,kore1280,kor,NA,NA,0069+032F+025C,i̯ɜ,NA,FALSE,vowel,fake,0,-,"-,+",-,-,-,+,+,0,+,-,-,-,-,-,0,0,-,0,0,0,+,"+,-",-,"+,-",-,"+,-",-,-,+,-,-,-,0,-,-,0
1,kore1280,kor,NA,NA,0069+032F+0264,i̯ɤ,NA,FALSE,vowel,fake,0,-,"-,+",-,-,-,+,+,0,+,-,-,-,-,-,0,0,-,0,0,0,+,"+,-",-,"+,-","-,+",+,-,-,+,-,-,-,0,-,-,0
1,kore1280,kor,NA,NA,0069+0069+032F,ii̯,NA,FALSE,vowel,fake,0,-,"+,-",-,-,-,+,+,0,+,-,-,-,-,-,0,0,-,0,0,0,+,+,-,+,-,+,-,-,+,-,-,-,0,-,-,0
1,kore1280,kor,NA,NA,0069+032F+006F,i̯o,NA,FALSE,vowel,fake,0,-,"-,+",-,-,-,+,+,0,+,-,-,-,-,"-,+",+,-,-,0,0,0,+,"+,-",-,"+,-","-,+",+,-,-,+,-,-,-,0,-,-,0
1,kore1280,kor,NA,NA,0069+032F+006F+0303,i̯õ,NA,FALSE,vowel,fake,0,-,"-,+",-,-,-,+,+,0,+,-,-,"-,+",-,"-,+",+,-,-,0,0,0,+,"+,-",-,"+,-","-,+",+,-,-,+,-,-,-,0,-,-,0
1,kore1280,kor,NA,NA,0069+032F+0254,i̯ɔ,NA,FALSE,vowel,fake,0,-,"-,+",-,-,-,+,+,0,+,-,-,-,-,"-,+",+,-,-,0,0,0,+,"+,-",-,"+,-","-,+","+,-",-,-,+,-,-,-,0,-,-,0
1,kore1280,kor,NA,NA,0069+0075,iu,NA,FALSE,vowel,fake,0,-,+,-,-,-,+,+,0,+,-,-,-,-,"-,+",+,-,-,0,0,0,+,+,-,"+,-","-,+",+,-,-,+,-,-,-,0,-,-,0
1,kore1280,kor,NA,NA,0069+0075+032F,iu̯,NA,FALSE,vowel,fake,0,-,"+,-",-,-,-,+,+,0,+,-,-,-,-,"-,+",+,-,-,0,0,0,+,+,-,"+,-","-,+",+,-,-,+,-,-,-,0,-,-,0
1,kore1280,kor,NA,NA,0069+032F+0075,i̯u,NA,FALSE,vowel,fake,0,-,"-,+",-,-,-,+,+,0,+,-,-,-,-,"-,+",+,-,-,0,0,0,+,+,-,"+,-","-,+",+,-,-,+,-,-,-,0,-,-,0
1,kore1280,kor,NA,NA,0069+032F+026F,i̯ɯ,NA,FALSE,vowel,fake,0,-,"-,+",-,-,-,+,+,0,+,-,-,-,-,-,0,0,-,0,0,0,+,+,-,"+,-","-,+",+,-,-,+,-,-,-,0,-,-,0
1,kore1280,kor,NA,NA,0069+032F+028C,i̯ʌ,NA,FALSE,vowel,fake,0,-,"-,+",-,-,-,+,+,0,+,-,-,-,-,-,0,0,-,0,0,0,+,"+,-",-,"+,-","-,+","+,-",-,-,+,-,-,-,0,-,-,0
1,kore1280,kor,NA,NA,0069+02C0,iˀ,NA,FALSE,vowel,fake,0,-,+,-,-,-,+,+,0,+,-,-,-,-,-,0,0,-,0,0,0,+,+,-,+,-,+,-,-,+,-,-,+,0,-,-,0
1,kore1280,kor,NA,NA,026A,ɪ,NA,FALSE,vowel,fake,0,-,+,-,-,-,+,+,0,+,-,-,-,-,-,0,0,-,0,0,0,+,+,-,+,-,-,-,-,+,-,-,-,0,-,-,0
1,kore1280,kor,NA,NA,026A+0303,ɪ̃,NA,FALSE,vowel,fake,0,-,+,-,-,-,+,+,0,+,-,-,+,-,-,0,0,-,0,0,0,+,+,-,+,-,-,-,-,+,-,-,-,0,-,-,0
1,kore1280,kor,NA,NA,026A+0324+0303,ɪ̤̃,NA,FALSE,vowel,fake,0,-,+,-,-,-,+,+,0,+,-,-,+,-,-,0,0,-,0,0,0,+,+,-,+,-,-,-,-,+,-,+,-,0,-,-,0
1,kore1280,kor,NA,NA,026A+0330+0303,ɪ̰̃,NA,FALSE,vowel,fake,0,-,+,-,-,-,+,+,0,+,-,-,+,-,-,0,0,-,0,0,0,+,+,-,+,-,-,-,-,+,-,-,+,0,-,-,0
1,kore1280,kor,NA,NA,026A+02D0,ɪː,NA,FALSE,vowel,fake,0,-,+,-,+,-,+,+,0,+,-,-,-,-,-,0,0,-,0,0,0,+,+,-,+,-,-,-,-,+,-,-,-,0,-,-,0
1,kore1280,kor,NA,NA,026A+0075+032F,ɪu̯,NA,FALSE,vowel,fake,0,-,"+,-",-,-,-,+,+,0,+,-,-,-,-,"-,+",+,-,-,0,0,0,+,+,-,"+,-","-,+","-,+",-,-,+,-,-,-,0,-,-,0
1,kore1280,kor,NA,NA,026A+02C0,ɪˀ,NA,FALSE,vowel,fake,0,-,+,-,-,-,+,+,0,+,-,-,-,-,-,0,0,-,0,0,0,+,+,-,+,-,-,-,-,+,-,-,+,0,-,-,0
1,kore1280,kor,NA,NA,268,ɨ,NA,FALSE,vowel,fake,0,-,+,-,-,-,+,+,0,+,-,-,-,-,-,0,0,-,0,0,0,+,+,-,-,-,+,-,-,+,-,-,-,0,-,-,0
1,kore1280,kor,NA,NA,0268+0303,ɨ̃,NA,FALSE,vowel,fake,0,-,+,-,-,-,+,+,0,+,-,-,+,-,-,0,0,-,0,0,0,+,+,-,-,-,+,-,-,+,-,-,-,0,-,-,0
1,kore1280,kor,NA,NA,0268+031E,ɨ̞,NA,FALSE,vowel,fake,0,-,+,-,-,-,+,+,0,+,-,-,-,-,-,0,0,-,0,0,0,+,+,-,-,-,0,-,-,+,-,-,-,0,-,-,0
1,kore1280,kor,NA,NA,0268+031E,ᵻ,NA,FALSE,vowel,fake,0,-,+,-,-,-,+,+,0,+,-,-,-,-,-,0,0,-,0,0,0,+,+,-,-,-,0,-,-,+,-,-,-,0,-,-,0
1,kore1280,kor,NA,NA,0268+0330,ɨ̰,NA,FALSE,vowel,fake,0,-,+,-,-,-,+,+,0,+,-,-,-,-,-,0,0,-,0,0,0,+,+,-,-,-,+,-,-,+,-,-,+,0,-,-,0
1,kore1280,kor,NA,NA,0268+02D0,ɨː,NA,FALSE,vowel,fake,0,-,+,-,+,-,+,+,0,+,-,-,-,-,-,0,0,-,0,0,0,+,+,-,-,-,+,-,-,+,-,-,-,0,-,-,0
1,kore1280,kor,NA,NA,0268+0303+02D0,ɨ̃ː,NA,FALSE,vowel,fake,0,-,+,-,+,-,+,+,0,+,-,-,+,-,-,0,0,-,0,0,0,+,+,-,-,-,+,-,-,+,-,-,-,0,-,-,0
1,kore1280,kor,NA,NA,0268+0069+032F,ɨi̯,NA,FALSE,vowel,fake,0,-,"+,-",-,-,-,+,+,0,+,-,-,-,-,-,0,0,-,0,0,0,+,+,-,"-,+",-,+,-,-,+,-,-,-,0,-,-,0
1,kore1280,kor,NA,NA,006A,j,NA,FALSE,consonant,fake,0,-,-,-,-,-,+,+,0,+,-,-,-,-,-,0,0,-,0,0,0,+,+,-,+,-,+,0,0,+,-,-,-,-,-,-,-
1,kore1280,kor,NA,NA,006A+0325,j̥,NA,FALSE,consonant,fake,0,-,-,-,-,-,+,+,0,+,-,-,-,-,-,0,0,-,0,0,0,+,+,-,+,-,+,0,0,-,-,-,-,-,-,-,-
1,kore1280,kor,NA,NA,029D,ʝ,NA,FALSE,consonant,fake,0,-,-,-,-,+,-,+,+,-,-,-,-,-,-,0,0,+,-,+,-,+,+,-,+,-,0,0,0,+,-,-,-,-,-,-,-
1,kore1280,kor,NA,NA,029D+02B7,ʝʷ,NA,FALSE,consonant,fake,0,-,-,-,-,+,-,+,+,-,-,-,-,-,+,+,-,+,-,+,-,+,+,-,+,-,0,0,0,+,-,-,-,-,-,-,-
1,kore1280,kor,NA,NA,025F,ɟ,NA,FALSE,consonant,fake,0,-,-,-,-,+,-,-,-,-,-,-,-,-,-,0,0,+,-,+,-,+,+,-,+,-,0,0,0,+,-,-,-,-,-,-,-
1,kore1280,kor,NA,NA,025F+02B1,ɟʱ,NA,FALSE,consonant,fake,0,-,-,-,-,+,-,-,-,-,-,-,-,-,-,0,0,+,-,+,-,+,+,-,+,-,0,0,0,+,-,+,-,-,-,-,-
1,kore1280,kor,NA,NA,025F+029D,ɟʝ,NA,FALSE,consonant,fake,0,-,-,-,-,+,-,-,+,-,-,-,-,-,-,0,0,+,-,+,-,+,+,-,+,-,0,0,0,+,-,-,-,-,-,-,-
1,kore1280,kor,NA,NA,006B,k,NA,FALSE,consonant,fake,0,-,-,-,-,+,-,-,-,-,-,-,-,-,-,0,0,-,0,0,0,+,+,-,-,-,0,0,0,-,-,-,-,-,-,-,-
1,kore1280,kor,NA,NA,006B+02DE,kʵ,NA,FALSE,consonant,fake,0,-,-,-,-,+,-,-,-,-,-,-,-,-,-,0,0,+,+,+,+,+,+,-,-,-,0,0,0,-,-,-,-,-,-,-,-
1,kore1280,kor,NA,NA,006B+02DE+02B0,kʵʰ,NA,FALSE,consonant,fake,0,-,-,-,-,+,-,-,-,-,-,-,-,-,-,0,0,+,+,+,+,+,+,-,-,-,0,0,0,-,-,+,-,-,-,-,-
1,kore1280,kor,NA,NA,006B+02D0,kː,NA,FALSE,consonant,fake,0,-,-,-,+,+,-,-,-,-,-,-,-,-,-,0,0,-,0,0,0,+,+,-,-,-,0,0,0,-,-,-,-,-,-,-,-
1,kore1280,kor,NA,NA,006B+0253+0325+02B7,kƥʷ,NA,FALSE,consonant,fake,0,-,-,-,-,+,-,-,-,-,-,-,-,-,"-,+",+,-,-,0,0,0,"+,-",+,-,-,-,0,0,0,-,-,-,-,-,-,"-,+",-
1,kore1280,kor,NA,NA,006B+02B0,kʰ,NA,FALSE,consonant,fake,0,-,-,-,-,+,-,-,-,-,-,-,-,-,-,0,0,-,0,0,0,+,+,-,-,-,0,0,0,-,-,+,-,-,-,-,-
1,kore1280,kor,NA,NA,006B+02B2,kʲ,NA,FALSE,consonant,fake,0,-,-,-,-,+,-,-,-,-,-,-,-,-,-,0,0,-,0,0,0,+,+,-,+,-,0,0,0,-,-,-,-,-,-,-,-
1,kore1280,kor,NA,NA,006B+02B2+02B0,kʲʰ,NA,FALSE,consonant,fake,0,-,-,-,-,+,-,-,-,-,-,-,-,-,-,0,0,-,0,0,0,+,+,-,+,-,0,0,0,-,-,+,-,-,-,-,-
1,kore1280,kor,NA,NA,006B+029F+0353+0325,kʟ͓̥,NA,FALSE,consonant,fake,0,-,-,-,-,+,"-,+","-,+","-,+","-,+",-,-,-,"-,+",-,0,0,-,0,0,0,+,+,-,-,-,0,0,0,-,-,-,-,-,-,-,-
1,kore1280,kor,NA,NA,006B+014B,kⁿ,NA,FALSE,consonant,fake,0,-,-,-,-,+,"-,+",-,-,-,-,-,"-,+",-,-,0,0,-,0,0,0,+,+,-,-,-,0,0,0,"-,+",-,-,-,-,-,-,-
1,kore1280,kor,NA,NA,006B+0070,kp,NA,FALSE,consonant,fake,0,-,-,-,-,+,-,-,-,-,-,-,-,-,+,-,-,-,0,0,0,+,+,-,-,-,0,0,0,-,-,-,-,-,-,-,-
1,kore1280,kor,NA,NA,006B+0070+02B7,kpʷ,NA,FALSE,consonant,fake,0,-,-,-,-,+,-,-,-,-,-,-,-,-,+,+,-,-,0,0,0,+,+,-,-,-,0,0,0,-,-,-,-,-,-,-,-
1,kore1280,kor,NA,NA,006B+02B7,kʷ,NA,FALSE,consonant,fake,0,-,-,-,-,+,-,-,-,-,-,-,-,-,+,+,-,-,0,0,0,+,+,-,-,-,0,0,0,-,-,-,-,-,-,-,-
1,kore1280,kor,NA,NA,006B+02B7+02B0,kʷʰ,NA,FALSE,consonant,fake,0,-,-,-,-,+,-,-,-,-,-,-,-,-,+,+,-,-,0,0,0,+,+,-,-,-,0,0,0,-,-,+,-,-,-,-,-
1,kore1280,kor,NA,NA,006B+03C7,kχ,NA,FALSE,consonant,fake,0,-,-,-,-,+,-,"-,+","-,+",-,-,-,-,-,-,0,0,-,0,0,0,+,"+,-",-,-,"-,+",0,0,0,-,-,-,-,-,-,-,-
1,kore1280,kor,NA,NA,006C,l,NA,FALSE,consonant,fake,0,-,-,-,-,+,+,+,0,+,-,-,-,+,-,0,0,+,+,-,-,-,0,0,0,0,0,0,0,+,-,-,-,-,-,-,-
1,kore1280,kor,NA,NA,006C+0320,l̠,NA,FALSE,consonant,fake,0,-,-,-,-,+,+,+,0,+,-,-,-,+,-,0,0,+,-,+,-,-,0,0,0,0,0,0,0,+,-,-,-,-,-,-,-
1,kore1280,kor,NA,NA,006C+0329,l̩,NA,FALSE,consonant,fake,0,-,+,-,-,+,+,+,0,+,-,-,-,+,-,0,0,+,+,-,-,-,0,0,0,0,0,0,0,+,-,-,-,-,-,-,-
1,kore1280,kor,NA,NA,006C+032A,l̪,NA,FALSE,consonant,fake,0,-,-,-,-,+,+,+,0,+,-,-,-,+,-,0,0,+,+,+,-,-,0,0,0,0,0,0,0,+,-,-,-,-,-,-,-
1,kore1280,kor,NA,NA,006C+032A,l̪͆,NA,FALSE,consonant,fake,0,-,-,-,-,+,+,+,0,+,-,-,-,+,-,0,0,+,+,+,-,-,0,0,0,0,0,0,0,+,-,-,-,-,-,-,-
1,kore1280,kor,NA,NA,006C+0325,l̥,NA,FALSE,consonant,fake,0,-,-,-,-,+,+,+,0,+,-,-,-,+,-,0,0,+,+,-,-,-,0,0,0,0,0,0,0,-,-,-,-,-,-,-,-
1,kore1280,kor,NA,NA,006C+0325+0329,l̥̩,NA,FALSE,consonant,fake,0,-,+,-,-,+,+,+,0,+,-,-,-,+,-,0,0,+,+,-,-,-,0,0,0,0,0,0,0,-,-,-,-,-,-,-,-
1,kore1280,kor,NA,NA,006C+02D0,lː,NA,FALSE,consonant,fake,0,-,-,-,+,+,+,+,0,+,-,-,-,+,-,0,0,+,+,-,-,-,0,0,0,0,0,0,0,+,-,-,-,-,-,-,-
1,kore1280,kor,NA,NA,006C+02B1,lʱ,NA,FALSE,consonant,fake,0,-,-,-,-,+,+,+,0,+,-,-,-,+,-,0,0,+,+,-,-,-,0,0,0,0,0,0,0,+,-,+,-,-,-,-,-
1,kore1280,kor,NA,NA,006C+0320+02B2,ȴ,NA,FALSE,consonant,fake,0,-,-,-,-,+,+,+,0,+,-,-,-,+,-,0,0,+,-,+,-,+,+,-,+,-,0,0,0,+,-,-,-,-,-,-,-
1,kore1280,kor,NA,NA,029F,ʟ,NA,FALSE,consonant,fake,0,-,-,-,-,+,+,+,0,+,-,-,-,+,-,0,0,-,0,0,0,+,+,-,-,-,0,0,0,+,-,-,-,-,-,-,-
1,kore1280,kor,NA,NA,029F+0353,ʟ͓,NA,FALSE,consonant,fake,0,-,-,-,-,+,+,+,+,+,-,-,-,+,-,0,0,-,0,0,0,+,+,-,-,-,0,0,0,+,-,-,-,-,-,-,-
1,kore1280,kor,NA,NA,026B,ɫ,NA,FALSE,consonant,fake,0,-,-,-,-,+,+,+,0,+,-,-,-,+,-,0,0,+,+,-,-,+,-,-,-,+,0,0,0,+,-,-,-,-,-,-,-
1,kore1280,kor,NA,NA,026C,ɬ,NA,FALSE,consonant,fake,0,-,-,-,-,+,-,+,+,-,-,-,-,+,-,0,0,+,+,-,-,-,0,0,0,0,0,0,0,-,-,-,-,-,-,-,-
1,kore1280,kor,NA,NA,026D,ɭ,NA,FALSE,consonant,fake,0,-,-,-,-,+,+,+,0,+,-,-,-,+,-,0,0,+,-,-,-,-,0,0,0,0,0,0,0,+,-,-,-,-,-,-,-
1,kore1280,kor,NA,NA,026D+0325,ɭ̥,NA,FALSE,consonant,fake,0,-,-,-,-,+,+,+,0,+,-,-,-,+,-,0,0,+,-,-,-,-,0,0,0,0,0,0,0,-,-,-,-,-,-,-,-
1,kore1280,kor,NA,NA,006D,m,NA,FALSE,consonant,fake,0,-,-,-,-,+,+,-,0,-,-,-,+,-,+,-,-,-,0,0,0,-,0,0,0,0,0,0,0,+,-,-,-,-,-,-,-
1,kore1280,kor,NA,NA,006D+0329,m̩,NA,FALSE,consonant,fake,0,-,+,-,-,+,+,-,0,-,-,-,+,-,+,-,-,-,0,0,0,-,0,0,0,0,0,0,0,+,-,-,-,-,-,-,-
1,kore1280,kor,NA,NA,006D+0324+0329,m̤̩,NA,FALSE,consonant,fake,0,-,+,-,-,+,+,-,0,-,-,-,+,-,+,-,-,-,0,0,0,-,0,0,0,0,0,0,0,+,-,+,-,-,-,-,-
1,kore1280,kor,NA,NA,006D+0325,m̥,NA,FALSE,consonant,fake,0,-,-,-,-,+,+,-,0,-,-,-,+,-,+,-,-,-,0,0,0,-,0,0,0,0,0,0,0,-,-,-,-,-,-,-,-
1,kore1280,kor,NA,NA,006D+0325+0329,m̥̩,NA,FALSE,consonant,fake,0,-,+,-,-,+,+,-,0,-,-,-,+,-,+,-,-,-,0,0,0,-,0,0,0,0,0,0,0,-,-,-,-,-,-,-,-
1,kore1280,kor,NA,NA,006D+0330+0329,m̰̩,NA,FALSE,consonant,fake,0,-,+,-,-,+,+,-,0,-,-,-,+,-,+,-,-,-,0,0,0,-,0,0,0,0,0,0,0,+,-,-,+,-,-,-,-
1,kore1280,kor,NA,NA,006D+02D0,mː,NA,FALSE,consonant,fake,0,-,-,-,+,+,+,-,0,-,-,-,+,-,+,-,-,-,0,0,0,-,0,0,0,0,0,0,0,+,-,-,-,-,-,-,-
1,kore1280,kor,NA,NA,006D+0062,ⁿb,NA,FALSE,consonant,fake,0,-,-,-,-,+,"+,-",-,-,-,-,-,"+,-",-,+,-,-,-,0,0,0,-,0,0,0,0,0,0,0,+,-,-,-,-,-,-,-
1,kore1280,kor,NA,NA,006D+0062+02B2,ⁿbʲ,NA,FALSE,consonant,fake,0,-,-,-,-,+,"+,-",-,-,-,-,-,"+,-",-,+,-,-,-,0,0,0,"-,+",+,-,+,-,0,0,0,+,-,-,-,-,-,-,-
1,kore1280,kor,NA,NA,006D+0062+02B7,ⁿbʷ,NA,FALSE,consonant,fake,0,-,-,-,-,+,"+,-",-,-,-,-,-,"+,-",-,+,"-,+",-,-,0,0,0,-,0,0,0,0,0,0,0,+,-,-,-,-,-,-,-
1,kore1280,kor,NA,NA,006D+02B1,mʱ,NA,FALSE,consonant,fake,0,-,-,-,-,+,+,-,0,-,-,-,+,-,+,-,-,-,0,0,0,-,0,0,0,0,0,0,0,+,-,+,-,-,-,-,-
1,kore1280,kor,NA,NA,006D+02B2,mʲ,NA,FALSE,consonant,fake,0,-,-,-,-,+,+,-,0,-,-,-,+,-,+,-,-,-,0,0,0,+,+,-,+,-,0,0,0,+,-,-,-,-,-,-,-
1,kore1280,kor,NA,NA,006D+0070,ⁿp,NA,FALSE,consonant,fake,0,-,-,-,-,+,"+,-",-,-,-,-,-,"+,-",-,+,-,-,-,0,0,0,-,0,0,0,0,0,0,0,"+,-",-,-,-,-,-,-,-
1,kore1280,kor,NA,NA,006D+0070+02B0,ⁿpʰ,NA,FALSE,consonant,fake,0,-,-,-,-,+,"+,-",-,-,-,-,-,"+,-",-,+,-,-,-,0,0,0,-,0,0,0,0,0,0,0,"+,-",-,"-,+",-,-,-,-,-
1,kore1280,kor,NA,NA,006D+0070+02B2,ⁿpʲ,NA,FALSE,consonant,fake,0,-,-,-,-,+,"+,-",-,-,-,-,-,"+,-",-,+,-,-,-,0,0,0,"-,+",+,-,+,-,0,0,0,"+,-",-,-,-,-,-,-,-
1,kore1280,kor,NA,NA,006D+0070+02B2+02B0,ⁿpʲʰ,NA,FALSE,consonant,fake,0,-,-,-,-,+,"+,-",-,-,-,-,-,"+,-",-,+,-,-,-,0,0,0,"-,+",+,-,+,-,0,0,0,"+,-",-,"-,+",-,-,-,-,-
1,kore1280,kor,NA,NA,006D+0070+02B7,ⁿpʷ,NA,FALSE,consonant,fake,0,-,-,-,-,+,"+,-",-,-,-,-,-,"+,-",-,+,"-,+",-,-,0,0,0,-,0,0,0,0,0,0,0,"+,-",-,-,-,-,-,-,-
1,kore1280,kor,NA,NA,006D+0076,mv,NA,FALSE,consonant,fake,0,-,-,-,-,+,"+,-","-,+",+,-,-,-,"+,-",-,+,-,"-,+",-,0,0,0,-,0,0,0,0,0,0,0,+,-,-,-,-,-,-,-
1,kore1280,kor,NA,NA,006D+02B7,mʷ,NA,FALSE,consonant,fake,0,-,-,-,-,+,+,-,0,-,-,-,+,-,+,+,-,-,0,0,0,-,0,0,0,0,0,0,0,+,-,-,-,-,-,-,-
1,kore1280,kor,NA,NA,006D+0325+02B7,m̥ʷ,NA,FALSE,consonant,fake,0,-,-,-,-,+,+,-,0,-,-,-,+,-,+,+,-,-,0,0,0,-,0,0,0,0,0,0,0,-,-,-,-,-,-,-,-
1,kore1280,kor,NA,NA,006D+02B7+02D0,mʷː,NA,FALSE,consonant,fake,0,-,-,-,+,+,+,-,0,-,-,-,+,-,+,+,-,-,0,0,0,-,0,0,0,0,0,0,0,+,-,-,-,-,-,-,-
1,kore1280,kor,NA,NA,006E,n,NA,FALSE,consonant,fake,0,-,-,-,-,+,+,-,0,-,-,-,+,-,-,0,0,+,+,-,-,-,0,0,0,0,0,0,0,+,-,-,-,-,-,-,-
1,kore1280,kor,NA,NA,006E+0320,n̠,NA,FALSE,consonant,fake,0,-,-,-,-,+,+,-,0,-,-,-,+,-,-,0,0,+,-,+,-,-,0,0,0,0,0,0,0,+,-,-,-,-,-,-,-
1,kore1280,kor,NA,NA,006E+0329,n̩,NA,FALSE,consonant,fake,0,-,+,-,-,+,+,-,0,-,-,-,+,-,-,0,0,+,+,-,-,-,0,0,0,0,0,0,0,+,-,-,-,-,-,-,-
1,kore1280,kor,NA,NA,006E+032A,n̪,NA,FALSE,consonant,fake,0,-,-,-,-,+,+,-,0,-,-,-,+,-,-,0,0,+,+,+,-,-,0,0,0,0,0,0,0,+,-,-,-,-,-,-,-
1,kore1280,kor,NA,NA,006E+032A,n̪͆,NA,FALSE,consonant,fake,0,-,-,-,-,+,+,-,0,-,-,-,+,-,-,0,0,+,+,+,-,-,0,0,0,0,0,0,0,+,-,-,-,-,-,-,-
1,kore1280,kor,NA,NA,006E+033B,n̻,NA,FALSE,consonant,fake,0,-,-,-,-,+,+,-,0,-,-,-,+,-,-,0,0,+,+,+,-,-,0,0,0,0,0,0,0,+,-,-,-,-,-,-,-
1,kore1280,kor,NA,NA,006E+032A+0325,n̪̥,NA,FALSE,consonant,fake,0,-,-,-,-,+,+,-,0,-,-,-,+,-,-,0,0,+,+,+,-,-,0,0,0,0,0,0,0,-,-,-,-,-,-,-,-
1,kore1280,kor,NA,NA,006E+0325,n̥,NA,FALSE,consonant,fake,0,-,-,-,-,+,+,-,0,-,-,-,+,-,-,0,0,+,+,-,-,-,0,0,0,0,0,0,0,-,-,-,-,-,-,-,-
1,kore1280,kor,NA,NA,006E+02D0,nː,NA,FALSE,consonant,fake,0,-,-,-,+,+,+,-,0,-,-,-,+,-,-,0,0,+,+,-,-,-,0,0,0,0,0,0,0,+,-,-,-,-,-,-,-
1,kore1280,kor,NA,NA,6.00E+64,ⁿd,NA,FALSE,consonant,fake,0,-,-,-,-,+,"+,-",-,-,-,-,-,"+,-",-,-,0,0,+,+,-,-,-,0,0,0,0,0,0,0,+,-,-,-,-,-,-,-
1,kore1280,kor,NA,NA,006E+032A+0064+032A,ⁿd̪,NA,FALSE,consonant,fake,0,-,-,-,-,+,"+,-",-,-,-,-,-,"+,-",-,-,0,0,+,+,+,-,-,0,0,0,0,0,0,0,+,-,-,-,-,-,-,-
1,kore1280,kor,NA,NA,006E+032A+0064+032A,ⁿd̪͆,NA,FALSE,consonant,fake,0,-,-,-,-,+,"+,-",-,-,-,-,-,"+,-",-,-,0,0,+,+,+,-,-,0,0,0,0,0,0,0,+,-,-,-,-,-,-,-
1,kore1280,kor,NA,NA,006E+0320+0064+0320+02B2,ⁿȡ,NA,FALSE,consonant,fake,0,-,-,-,-,+,"+,-",-,-,-,-,-,"+,-",-,-,0,0,+,"-,+","+,-",-,"-,+",+,-,+,-,0,0,0,+,-,-,-,-,-,-,-
1,kore1280,kor,NA,NA,207F+0064+0320+02B7+02B2,ⁿȡʷ,NA,FALSE,consonant,fake,0,-,-,-,-,+,-,-,-,-,-,-,"+,-",-,+,+,-,+,+,-,-,+,+,-,+,-,0,0,0,+,-,-,-,-,-,-,-
1,kore1280,kor,NA,NA,006E+0064+007A,ⁿdz,NA,FALSE,consonant,fake,0,-,-,-,-,+,"+,-",-,+,-,-,-,"+,-",-,-,0,0,+,+,-,+,-,0,0,0,0,0,0,0,+,-,-,-,-,-,-,-
1,kore1280,kor,NA,NA,006E+0064+0291,ⁿdʑ,NA,FALSE,consonant,fake,0,-,-,-,-,+,"+,-,-","-,-,+","0,-,+",-,-,-,"+,-,-",-,-,0,0,+,+,"-,-,+","-,-,+","-,-,+",+,-,+,-,0,0,0,+,-,-,-,-,-,-,-
1,kore1280,kor,NA,NA,006E+0064+0292,ⁿdʒ,NA,FALSE,consonant,fake,0,-,-,-,-,+,"+,-",-,+,-,-,-,"+,-",-,-,0,0,+,-,+,+,-,0,0,0,0,0,0,0,+,-,-,-,-,-,-,-
1,kore1280,kor,NA,NA,006E+02B1,nʱ,NA,FALSE,consonant,fake,0,-,-,-,-,+,+,-,0,-,-,-,+,-,-,0,0,+,+,-,-,-,0,0,0,0,0,0,0,+,-,+,-,-,-,-,-
1,kore1280,kor,NA,NA,006E+0320+02B2,ȵ,NA,FALSE,consonant,fake,0,-,-,-,-,+,+,-,0,-,-,-,+,-,-,0,0,+,-,+,-,+,+,-,+,-,0,0,0,+,-,-,-,-,-,-,-
1,kore1280,kor,NA,NA,006E+0320+0325+02B2,ȵ̥,NA,FALSE,consonant,fake,0,-,-,-,-,+,+,-,0,-,-,-,+,-,-,0,0,+,-,+,-,+,+,-,+,-,0,0,0,-,-,-,-,-,-,-,-
1,kore1280,kor,NA,NA,6.00E+73,ⁿs,NA,FALSE,consonant,fake,0,-,-,-,-,+,"+,-","-,+",+,-,-,-,"+,-",-,-,0,0,+,+,-,"-,+",-,0,0,0,0,0,0,0,"+,-",-,-,-,-,-,-,-
1,kore1280,kor,NA,NA,6.00E+74,ⁿt,NA,FALSE,consonant,fake,0,-,-,-,-,+,"+,-",-,-,-,-,-,"+,-",-,-,0,0,+,+,-,-,-,0,0,0,0,0,0,0,"+,-",-,-,-,-,-,-,-
1,kore1280,kor,NA,NA,006E+0074+0255,ⁿtɕ,NA,FALSE,consonant,fake,0,-,-,-,-,+,"+,-,-","-,-,+","0,-,+",-,-,-,"+,-,-",-,-,0,0,+,+,"-,-,+","-,-,+","-,-,+",+,-,+,-,0,0,0,"+,-,-",-,-,-,-,-,-,-
1,kore1280,kor,NA,NA,006E+0074+02B0,ⁿtʰ,NA,FALSE,consonant,fake,0,-,-,-,-,+,"+,-",-,-,-,-,-,"+,-",-,-,0,0,+,+,-,-,-,0,0,0,0,0,0,0,"+,-",-,"-,+",-,-,-,-,-
1,kore1280,kor,NA,NA,006E+0074+0073,ⁿts,NA,FALSE,consonant,fake,0,-,-,-,-,+,"+,-",-,+,-,-,-,"+,-",-,-,0,0,+,+,-,+,-,0,0,0,0,0,0,0,"+,-",-,-,-,-,-,-,-
1,kore1280,kor,NA,NA,006E+0074+0073+02B0,ⁿtsʰ,NA,FALSE,consonant,fake,0,-,-,-,-,+,"+,-",-,+,-,-,-,"+,-",-,-,0,0,+,+,-,+,-,0,0,0,0,0,0,0,"+,-",-,+,-,-,-,-,-
1,kore1280,kor,NA,NA,006E+0074+0283,ⁿtʃ,NA,FALSE,consonant,fake,0,-,-,-,-,+,"+,-",-,+,-,-,-,"+,-",-,-,0,0,+,-,+,+,-,0,0,0,0,0,0,0,"+,-",-,-,-,-,-,-,-
1,kore1280,kor,NA,NA,006E+0074+0283+02B0,ⁿtʃʰ,NA,FALSE,consonant,fake,0,-,-,-,-,+,"+,-",-,+,-,-,-,"+,-",-,-,0,0,+,-,+,+,-,0,0,0,0,0,0,0,"+,-",-,+,-,-,-,-,-
1,kore1280,kor,NA,NA,006E+0074+0291,ⁿtʑ,NA,FALSE,consonant,fake,0,-,-,-,-,+,"+,-,-","-,-,+","0,-,+",-,-,-,"+,-,-",-,-,0,0,+,+,"-,-,+","-,-,+","-,-,+",+,-,+,-,0,0,0,"+,-,+",-,-,-,-,-,-,-
1,kore1280,kor,NA,NA,006E+0320+02B7+02B2,ȵʷ,NA,FALSE,consonant,fake,0,-,-,-,-,+,+,-,0,-,-,-,+,-,+,+,-,+,-,+,-,+,+,-,+,-,0,0,0,+,-,-,-,-,-,-,-
1,kore1280,kor,NA,NA,006E+0320+0292,ⁿʒ,NA,FALSE,consonant,fake,0,-,-,-,-,+,"+,-","-,+",+,-,-,-,"+,-",-,-,0,0,+,-,+,"-,+",-,0,0,0,0,0,0,0,+,-,-,-,-,-,-,-
1,kore1280,kor,NA,NA,0274+0262,ⁿɢ,NA,FALSE,consonant,fake,0,-,-,-,-,+,"+,-",-,-,-,-,-,"+,-",-,-,0,0,-,0,0,0,+,-,-,-,+,0,0,0,+,-,-,-,-,-,-,-
1,kore1280,kor,NA,NA,272,ɲ,NA,FALSE,consonant,fake,0,-,-,-,-,+,+,-,0,-,-,-,+,-,-,0,0,+,-,+,-,+,+,-,+,-,0,0,0,+,-,-,-,-,-,-,-
1,kore1280,kor,NA,NA,0272+0063,ⁿc,NA,FALSE,consonant,fake,0,-,-,-,-,+,"+,-",-,-,-,-,-,"+,-",-,-,0,0,+,-,+,-,+,+,-,+,-,0,0,0,"+,-",-,-,-,-,-,-,-
1,kore1280,kor,NA,NA,0272+0063+02B0,ⁿcʰ,NA,FALSE,consonant,fake,0,-,-,-,-,+,"+,-",-,-,-,-,-,"+,-",-,-,0,0,+,-,+,-,+,+,-,+,-,0,0,0,"+,-",-,"-,+",-,-,-,-,-
1,kore1280,kor,NA,NA,0272+025F,ⁿɟ,NA,FALSE,consonant,fake,0,-,-,-,-,+,"+,-",-,-,-,-,-,"+,-",-,-,0,0,+,-,+,-,+,+,-,+,-,0,0,0,+,-,-,-,-,-,-,-
1,kore1280,kor,NA,NA,273,ɳ,NA,FALSE,consonant,fake,0,-,-,-,-,+,+,-,0,-,-,-,+,-,-,0,0,+,-,-,-,-,0,0,0,0,0,0,0,+,-,-,-,-,-,-,-
1,kore1280,kor,NA,NA,0273+0325,ɳ̥,NA,FALSE,consonant,fake,0,-,-,-,-,+,+,-,0,-,-,-,+,-,-,0,0,+,-,-,-,-,0,0,0,0,0,0,0,-,-,-,-,-,-,-,-
1,kore1280,kor,NA,NA,0273+0064+0290,ⁿdʐ,NA,FALSE,consonant,fake,0,-,-,-,-,+,"+,-,-","-,-,+","0,-,+",-,-,-,"+,-,-",-,-,0,0,+,"-,+,-",-,"-,-,+",-,0,0,0,0,0,0,0,+,-,-,-,-,-,-,-
1,kore1280,kor,NA,NA,0273+0256,ⁿɖ,NA,FALSE,consonant,fake,0,-,-,-,-,+,"+,-",-,-,-,-,-,"+,-",-,-,0,0,+,-,-,-,-,0,0,0,0,0,0,0,+,-,-,-,-,-,-,-
1,kore1280,kor,NA,NA,0273+0288,ⁿʈ,NA,FALSE,consonant,fake,0,-,-,-,-,+,"+,-",-,-,-,-,-,"+,-",-,-,0,0,+,-,-,-,-,0,0,0,0,0,0,0,"+,-",-,-,-,-,-,-,-
1,kore1280,kor,NA,NA,0273+0288+02B0,ⁿʈʰ,NA,FALSE,consonant,fake,0,-,-,-,-,+,"+,-",-,-,-,-,-,"+,-",-,-,0,0,+,-,-,-,-,0,0,0,0,0,0,0,"+,-",-,"-,+",-,-,-,-,-
1,kore1280,kor,NA,NA,014B,ŋ,NA,FALSE,consonant,fake,0,-,-,-,-,+,+,-,0,-,-,-,+,-,-,0,0,-,0,0,0,+,+,-,-,-,0,0,0,+,-,-,-,-,-,-,-
1,kore1280,kor,NA,NA,014B+0329,ŋ̩,NA,FALSE,consonant,fake,0,-,+,-,-,+,+,-,0,-,-,-,+,-,-,0,0,-,0,0,0,+,+,-,-,-,0,0,0,+,-,-,-,-,-,-,-
1,kore1280,kor,NA,NA,014B+0325,ŋ̥,NA,FALSE,consonant,fake,0,-,-,-,-,+,+,-,0,-,-,-,+,-,-,0,0,-,0,0,0,+,+,-,-,-,0,0,0,-,-,-,-,-,-,-,-
1,kore1280,kor,NA,NA,014B+02D0,ŋː,NA,FALSE,consonant,fake,0,-,-,-,+,+,+,-,0,-,-,-,+,-,-,0,0,-,0,0,0,+,+,-,-,-,0,0,0,+,-,-,-,-,-,-,-
1,kore1280,kor,NA,NA,014B+0261,ⁿg,NA,FALSE,consonant,fake,0,-,-,-,-,+,"+,-",-,-,-,-,-,"+,-",-,-,0,0,-,0,0,0,+,+,-,-,-,0,0,0,+,-,-,-,-,-,-,-
1,kore1280,kor,NA,NA,014B+0261+02B2,ⁿgʲ,NA,FALSE,consonant,fake,0,-,-,-,-,+,"+,-",-,-,-,-,-,"+,-",-,-,0,0,-,0,0,0,+,+,-,"-,+",-,0,0,0,+,-,-,-,-,-,-,-
1,kore1280,kor,NA,NA,014B+0261+02B7,ⁿgʷ,NA,FALSE,consonant,fake,0,-,-,-,-,+,"+,-",-,-,-,-,-,"+,-",-,"-,+",+,-,-,0,0,0,+,+,-,-,-,0,0,0,+,-,-,-,-,-,-,-
1,kore1280,kor,NA,NA,014B+0263,ⁿɣ,NA,FALSE,consonant,fake,0,-,-,-,-,+,"+,-","-,+",+,-,-,-,"+,-",-,-,0,0,-,0,0,0,+,+,-,-,-,0,0,0,+,-,-,-,-,-,-,-
1,kore1280,kor,NA,NA,014B+006B,ⁿk,NA,FALSE,consonant,fake,0,-,-,-,-,+,"+,-",-,-,-,-,-,"+,-",-,-,0,0,-,0,0,0,+,+,-,-,-,0,0,0,"+,-",-,-,-,-,-,-,-
1,kore1280,kor,NA,NA,014B+006B+02B0,ⁿkʰ,NA,FALSE,consonant,fake,0,-,-,-,-,+,"+,-",-,-,-,-,-,"+,-",-,-,0,0,-,0,0,0,+,+,-,-,-,0,0,0,"+,-",-,"-,+",-,-,-,-,-
1,kore1280,kor,NA,NA,014B+006B+02B2,ⁿkʲ,NA,FALSE,consonant,fake,0,-,-,-,-,+,"+,-",-,-,-,-,-,"+,-",-,-,0,0,-,0,0,0,+,+,-,"-,+",-,0,0,0,"+,-",-,-,-,-,-,-,-
1,kore1280,kor,NA,NA,014B+006B+02B2+02B0,ⁿkʲʰ,NA,FALSE,consonant,fake,0,-,-,-,-,+,"+,-",-,-,-,-,-,"+,-",-,-,0,0,-,0,0,0,+,+,-,"-,+",-,0,0,0,"+,-",-,"-,+",-,-,-,-,-
1,kore1280,kor,NA,NA,014B+006B+02B7,ⁿkʷ,NA,FALSE,consonant,fake,0,-,-,-,-,+,"+,-",-,-,-,-,-,"+,-",-,"-,+",+,-,-,0,0,0,+,+,-,-,-,0,0,0,"+,-",-,-,-,-,-,-,-
1,kore1280,kor,NA,NA,014B+006D,ŋm,NA,FALSE,consonant,fake,0,-,-,-,-,+,+,-,0,-,-,-,+,-,"-,+",-,-,-,0,0,0,"+,-",+,-,-,-,0,0,0,+,-,-,-,-,-,-,-
1,kore1280,kor,NA,NA,014B+006D+02B7,ŋmʷ,NA,FALSE,consonant,fake,0,-,-,-,-,+,+,-,0,-,-,-,+,-,"-,+",+,-,-,0,0,0,"+,-",+,-,-,-,0,0,0,+,-,-,-,-,-,-,-
1,kore1280,kor,NA,NA,014B+02B7,ŋʷ,NA,FALSE,consonant,fake,0,-,-,-,-,+,+,-,0,-,-,-,+,-,+,+,-,-,0,0,0,+,+,-,-,-,0,0,0,+,-,-,-,-,-,-,-
1,kore1280,kor,NA,NA,014B+0294,ŋʔ,NA,FALSE,consonant,fake,0,-,-,-,-,+,"+,-",-,-,-,-,-,"+,-",-,-,0,0,-,0,0,0,"+,-",+,-,-,-,0,0,0,"+,-",-,-,"-,+",-,-,-,-
1,kore1280,kor,NA,NA,014B+0294,ⁿʔ,NA,FALSE,consonant,fake,0,-,-,-,-,+,"+,-",-,-,-,-,-,"+,-",-,-,0,0,-,0,0,0,"+,-",+,-,-,-,0,0,0,"+,-",-,-,"-,+",-,-,-,-
1,kore1280,kor,NA,NA,006F,o,NA,FALSE,vowel,fake,0,-,+,-,-,-,+,+,0,+,-,-,-,-,+,+,-,-,0,0,0,+,-,-,-,+,+,-,-,+,-,-,-,0,-,-,0
1,kore1280,kor,NA,NA,006F+0306,ŏ,NA,FALSE,vowel,fake,0,-,+,+,-,-,+,+,0,+,-,-,-,-,+,+,-,-,0,0,0,+,-,-,-,+,+,-,-,+,-,-,-,0,-,-,0
1,kore1280,kor,NA,NA,006F+0303,õ,NA,FALSE,vowel,fake,0,-,+,-,-,-,+,+,0,+,-,-,+,-,+,+,-,-,0,0,0,+,-,-,-,+,+,-,-,+,-,-,-,0,-,-,0
1,kore1280,kor,NA,NA,00F8,ø,NA,FALSE,vowel,fake,0,-,+,-,-,-,+,+,0,+,-,-,-,-,+,+,-,-,0,0,0,+,-,-,+,-,+,-,-,+,-,-,-,0,-,-,0
1,kore1280,kor,NA,NA,00F8+031E,ø̞,NA,FALSE,vowel,fake,0,-,+,-,-,-,+,+,0,+,-,-,-,-,+,+,-,-,0,0,0,+,-,-,+,-,0,-,-,+,-,-,-,0,-,-,0
1,kore1280,kor,NA,NA,00F8+0324,ø̤,NA,FALSE,vowel,fake,0,-,+,-,-,-,+,+,0,+,-,-,-,-,+,+,-,-,0,0,0,+,-,-,+,-,+,-,-,+,-,+,-,0,-,-,0
1,kore1280,kor,NA,NA,00F8+0330,ø̰,NA,FALSE,vowel,fake,0,-,+,-,-,-,+,+,0,+,-,-,-,-,+,+,-,-,0,0,0,+,-,-,+,-,+,-,-,+,-,-,+,0,-,-,0
1,kore1280,kor,NA,NA,006F+031D,o̝,NA,FALSE,vowel,fake,0,-,+,-,-,-,+,+,0,+,-,-,-,-,+,+,-,-,0,0,0,+,0,-,-,+,+,-,-,+,-,-,-,0,-,-,0
1,kore1280,kor,NA,NA,006F+031E,o̞,NA,FALSE,vowel,fake,0,-,+,-,-,-,+,+,0,+,-,-,-,-,+,+,-,-,0,0,0,+,-,-,-,+,0,-,-,+,-,-,-,0,-,-,0
1,kore1280,kor,NA,NA,006F+032F,o̯,NA,FALSE,vowel,fake,0,-,-,-,-,-,+,+,0,+,-,-,-,-,+,+,-,-,0,0,0,+,-,-,-,+,+,-,-,+,-,-,-,0,-,-,0
1,kore1280,kor,NA,NA,006F+031E+0303,õ̞,NA,FALSE,vowel,fake,0,-,+,-,-,-,+,+,0,+,-,-,+,-,+,+,-,-,0,0,0,+,-,-,-,+,0,-,-,+,-,-,-,0,-,-,0
1,kore1280,kor,NA,NA,006F+0324,o̤,NA,FALSE,vowel,fake,0,-,+,-,-,-,+,+,0,+,-,-,-,-,+,+,-,-,0,0,0,+,-,-,-,+,+,-,-,+,-,+,-,0,-,-,0
1,kore1280,kor,NA,NA,006F+0324+0303,õ̤,NA,FALSE,vowel,fake,0,-,+,-,-,-,+,+,0,+,-,-,+,-,+,+,-,-,0,0,0,+,-,-,-,+,+,-,-,+,-,+,-,0,-,-,0
1,kore1280,kor,NA,NA,006F+0325,o̥,NA,FALSE,vowel,fake,0,-,+,-,-,-,+,+,0,+,-,-,-,-,+,+,-,-,0,0,0,+,-,-,-,+,+,-,-,-,-,-,-,0,-,-,0
1,kore1280,kor,NA,NA,006F+0330,o̰,NA,FALSE,vowel,fake,0,-,+,-,-,-,+,+,0,+,-,-,-,-,+,+,-,-,0,0,0,+,-,-,-,+,+,-,-,+,-,-,+,0,-,-,0
1,kore1280,kor,NA,NA,006F+02DE,oʵ,NA,FALSE,vowel,fake,0,-,+,-,-,-,+,+,0,+,-,-,-,-,+,+,-,+,+,+,+,+,-,-,-,+,+,-,-,+,-,-,-,0,-,-,0
1,kore1280,kor,NA,NA,006F+02DE+02D0,oʵː,NA,FALSE,vowel,fake,0,-,+,-,+,-,+,+,0,+,-,-,-,-,+,+,-,+,+,+,+,+,-,-,-,+,+,-,-,+,-,-,-,0,-,-,0
1,kore1280,kor,NA,NA,006F+02D0,oː,NA,FALSE,vowel,fake,0,-,+,-,+,-,+,+,0,+,-,-,-,-,+,+,-,-,0,0,0,+,-,-,-,+,+,-,-,+,-,-,-,0,-,-,0
1,kore1280,kor,NA,NA,006F+0303+02D0,õː,NA,FALSE,vowel,fake,0,-,+,-,+,-,+,+,0,+,-,-,+,-,+,+,-,-,0,0,0,+,-,-,-,+,+,-,-,+,-,-,-,0,-,-,0
1,kore1280,kor,NA,NA,00F8+02D0,øː,NA,FALSE,vowel,fake,0,-,+,-,+,-,+,+,0,+,-,-,-,-,+,+,-,-,0,0,0,+,-,-,+,-,+,-,-,+,-,-,-,0,-,-,0
1,kore1280,kor,NA,NA,00F8+0303+02D0,ø̃ː,NA,FALSE,vowel,fake,0,-,+,-,+,-,+,+,0,+,-,-,+,-,+,+,-,-,0,0,0,+,-,-,+,-,+,-,-,+,-,-,-,0,-,-,0
1,kore1280,kor,NA,NA,006F+0324+02D0,o̤ː,NA,FALSE,vowel,fake,0,-,+,-,+,-,+,+,0,+,-,-,-,-,+,+,-,-,0,0,0,+,-,-,-,+,+,-,-,+,-,+,-,0,-,-,0
1,kore1280,kor,NA,NA,006F+0324+0303+02D0,õ̤ː,NA,FALSE,vowel,fake,0,-,+,-,+,-,+,+,0,+,-,-,+,-,+,+,-,-,0,0,0,+,-,-,-,+,+,-,-,+,-,+,-,0,-,-,0
1,kore1280,kor,NA,NA,006F+02D0+0069+032F,oːi̯,NA,FALSE,vowel,fake,0,-,"+,-",-,"+,-",-,+,+,0,+,-,-,-,-,"+,-",+,-,-,0,0,0,+,"-,+",-,"-,+","+,-",+,-,-,+,-,-,-,0,-,-,0
1,kore1280,kor,NA,NA,006F+0061,oa,NA,FALSE,vowel,fake,0,-,+,-,-,-,+,+,0,+,-,-,-,-,"+,-",+,-,-,0,0,0,+,-,"-,+",-,"+,-",+,-,-,+,-,-,-,0,-,-,0
1,kore1280,kor,NA,NA,006F+0303+0061,õa,NA,FALSE,vowel,fake,0,-,+,-,-,-,+,+,0,+,-,-,"+,-",-,"+,-",+,-,-,0,0,0,+,-,"-,+",-,"+,-",+,-,-,+,-,-,-,0,-,-,0
1,kore1280,kor,NA,NA,006F+032F+0061,o̯a,NA,FALSE,vowel,fake,0,-,"-,+",-,-,-,+,+,0,+,-,-,-,-,"+,-",+,-,-,0,0,0,+,-,"-,+",-,"+,-",+,-,-,+,-,-,-,0,-,-,0
1,kore1280,kor,NA,NA,006F+0251,oɑ,NA,FALSE,vowel,fake,0,-,+,-,-,-,+,+,0,+,-,-,-,-,"+,-",+,-,-,0,0,0,+,-,"-,+",-,+,+,-,-,+,-,-,-,0,-,-,0
1,kore1280,kor,NA,NA,006F+0065,oe,NA,FALSE,vowel,fake,0,-,+,-,-,-,+,+,0,+,-,-,-,-,"+,-",+,-,-,0,0,0,+,-,-,"-,+","+,-",+,-,-,+,-,-,-,0,-,-,0
1,kore1280,kor,NA,NA,006F+0065+032F,oe̯,NA,FALSE,vowel,fake,0,-,"+,-",-,-,-,+,+,0,+,-,-,-,-,"+,-",+,-,-,0,0,0,+,-,-,"-,+","+,-",+,-,-,+,-,-,-,0,-,-,0
1,kore1280,kor,NA,NA,006F+032F+0065,o̯e,NA,FALSE,vowel,fake,0,-,"-,+",-,-,-,+,+,0,+,-,-,-,-,"+,-",+,-,-,0,0,0,+,-,-,"-,+","+,-",+,-,-,+,-,-,-,0,-,-,0
1,kore1280,kor,NA,NA,153,œ,NA,FALSE,vowel,fake,0,-,+,-,-,-,+,+,0,+,-,-,-,-,+,+,-,-,0,0,0,+,-,-,+,-,-,-,-,+,-,-,-,0,-,-,0
1,kore1280,kor,NA,NA,0153+0065,œe,NA,FALSE,vowel,fake,0,-,+,-,-,-,+,+,0,+,-,-,-,-,"+,-",+,-,-,0,0,0,+,-,-,+,-,"-,+",-,-,+,-,-,-,0,-,-,0
1,kore1280,kor,NA,NA,006F+0069,oi,NA,FALSE,vowel,fake,0,-,+,-,-,-,+,+,0,+,-,-,-,-,"+,-",+,-,-,0,0,0,+,"-,+",-,"-,+","+,-",+,-,-,+,-,-,-,0,-,-,0
1,kore1280,kor,NA,NA,006F+0069+032F,oi̯,NA,FALSE,vowel,fake,0,-,"+,-",-,-,-,+,+,0,+,-,-,-,-,"+,-",+,-,-,0,0,0,+,"-,+",-,"-,+","+,-",+,-,-,+,-,-,-,0,-,-,0
1,kore1280,kor,NA,NA,006F+032F+0069,o̯i,NA,FALSE,vowel,fake,0,-,"-,+",-,-,-,+,+,0,+,-,-,-,-,"+,-",+,-,-,0,0,0,+,"-,+",-,"-,+","+,-",+,-,-,+,-,-,-,0,-,-,0
1,kore1280,kor,NA,NA,006F+0075,ou,NA,FALSE,vowel,fake,0,-,+,-,-,-,+,+,0,+,-,-,-,-,+,+,-,-,0,0,0,+,"-,+",-,-,+,+,-,-,+,-,-,-,0,-,-,0
1,kore1280,kor,NA,NA,006F+0075+032F,ou̯,NA,FALSE,vowel,fake,0,-,"+,-",-,-,-,+,+,0,+,-,-,-,-,+,+,-,-,0,0,0,+,"-,+",-,-,+,+,-,-,+,-,-,-,0,-,-,0
1,kore1280,kor,NA,NA,006F+0303+0075,õu,NA,FALSE,vowel,fake,0,-,+,-,-,-,+,+,0,+,-,-,"+,-",-,+,+,-,-,0,0,0,+,"-,+",-,-,+,+,-,-,+,-,-,-,0,-,-,0
1,kore1280,kor,NA,NA,006F+0303+0075+032F,õu̯,NA,FALSE,vowel,fake,0,-,"+,-",-,-,-,+,+,0,+,-,-,"+,-",-,+,+,-,-,0,0,0,+,"-,+",-,-,+,+,-,-,+,-,-,-,0,-,-,0
1,kore1280,kor,NA,NA,006F+0303+0075+032F+0303,õũ̯,NA,FALSE,vowel,fake,0,-,"+,-",-,-,-,+,+,0,+,-,-,+,-,+,+,-,-,0,0,0,+,"-,+",-,-,+,+,-,-,+,-,-,-,0,-,-,0
1,kore1280,kor,NA,NA,006F+028A,oʊ,NA,FALSE,vowel,fake,0,-,+,-,-,-,+,+,0,+,-,-,-,-,+,+,-,-,0,0,0,+,"-,+",-,-,+,"+,-",-,-,+,-,-,-,0,-,-,0
1,kore1280,kor,NA,NA,006F+0303+028A,õʊ,NA,FALSE,vowel,fake,0,-,+,-,-,-,+,+,0,+,-,-,"+,-",-,+,+,-,-,0,0,0,+,"-,+",-,-,+,"+,-",-,-,+,-,-,-,0,-,-,0
1,kore1280,kor,NA,NA,006F+0303+028A+032F,õʊ̯,NA,FALSE,vowel,fake,0,-,"+,-",-,-,-,+,+,0,+,-,-,"+,-",-,+,+,-,-,0,0,0,+,"-,+",-,-,+,"+,-",-,-,+,-,-,-,0,-,-,0
1,kore1280,kor,NA,NA,006F+0324+0303+028A,õ̤ʊ,NA,FALSE,vowel,fake,0,-,+,-,-,-,+,+,0,+,-,-,"+,-",-,+,+,-,-,0,0,0,+,"-,+",-,-,+,"+,-",-,-,+,-,"+,-",-,0,-,-,0
1,kore1280,kor,NA,NA,006F+0330+0303+028A,õ̰ʊ,NA,FALSE,vowel,fake,0,-,+,-,-,-,+,+,0,+,-,-,"+,-",-,+,+,-,-,0,0,0,+,"-,+",-,-,+,"+,-",-,-,+,-,-,"+,-",0,-,-,0
1,kore1280,kor,NA,NA,006F+028A+02C0,oʊˀ,NA,FALSE,vowel,fake,0,-,+,-,-,-,+,+,0,+,-,-,-,-,+,+,-,-,0,0,0,+,"-,+",-,-,+,"+,-",-,-,+,-,-,"-,+",0,-,-,0
1,kore1280,kor,NA,NA,254,ɔ,NA,FALSE,vowel,fake,0,-,+,-,-,-,+,+,0,+,-,-,-,-,+,+,-,-,0,0,0,+,-,-,-,+,-,-,-,+,-,-,-,0,-,-,0
1,kore1280,kor,NA,NA,0254+0306,ɔ̆,NA,FALSE,vowel,fake,0,-,+,+,-,-,+,+,0,+,-,-,-,-,+,+,-,-,0,0,0,+,-,-,-,+,-,-,-,+,-,-,-,0,-,-,0
1,kore1280,kor,NA,NA,0254+0303,ɔ̃,NA,FALSE,vowel,fake,0,-,+,-,-,-,+,+,0,+,-,-,+,-,+,+,-,-,0,0,0,+,-,-,-,+,-,-,-,+,-,-,-,0,-,-,0
1,kore1280,kor,NA,NA,0254+0324,ɔ̤,NA,FALSE,vowel,fake,0,-,+,-,-,-,+,+,0,+,-,-,-,-,+,+,-,-,0,0,0,+,-,-,-,+,-,-,-,+,-,+,-,0,-,-,0
1,kore1280,kor,NA,NA,0254+0330,ɔ̰,NA,FALSE,vowel,fake,0,-,+,-,-,-,+,+,0,+,-,-,-,-,+,+,-,-,0,0,0,+,-,-,-,+,-,-,-,+,-,-,+,0,-,-,0
1,kore1280,kor,NA,NA,0254+02D0,ɔː,NA,FALSE,vowel,fake,0,-,+,-,+,-,+,+,0,+,-,-,-,-,+,+,-,-,0,0,0,+,-,-,-,+,-,-,-,+,-,-,-,0,-,-,0
1,kore1280,kor,NA,NA,0254+0303+02D0,ɔ̃ː,NA,FALSE,vowel,fake,0,-,+,-,+,-,+,+,0,+,-,-,+,-,+,+,-,-,0,0,0,+,-,-,-,+,-,-,-,+,-,-,-,0,-,-,0
1,kore1280,kor,NA,NA,0254+02D0+0069+032F,ɔːi̯,NA,FALSE,vowel,fake,0,-,"+,-",-,"+,-",-,+,+,0,+,-,-,-,-,"+,-",+,-,-,0,0,0,+,"-,+",-,"-,+","+,-","-,+",-,-,+,-,-,-,0,-,-,0
1,kore1280,kor,NA,NA,0254+0259,ɔə,NA,FALSE,vowel,fake,0,-,+,-,-,-,+,+,0,+,-,-,-,-,"+,-",+,-,-,0,0,0,+,-,-,-,"+,-",-,-,-,+,-,-,-,0,-,-,0
1,kore1280,kor,NA,NA,0254+0069,ɔi,NA,FALSE,vowel,fake,0,-,+,-,-,-,+,+,0,+,-,-,-,-,"+,-",+,-,-,0,0,0,+,"-,+",-,"-,+","+,-","-,+",-,-,+,-,-,-,0,-,-,0
1,kore1280,kor,NA,NA,0254+0069+032F,ɔi̯,NA,FALSE,vowel,fake,0,-,"+,-",-,-,-,+,+,0,+,-,-,-,-,"+,-",+,-,-,0,0,0,+,"-,+",-,"-,+","+,-","-,+",-,-,+,-,-,-,0,-,-,0
1,kore1280,kor,NA,NA,0254+0075,ɔu,NA,FALSE,vowel,fake,0,-,+,-,-,-,+,+,0,+,-,-,-,-,+,+,-,-,0,0,0,+,"-,+",-,-,+,"-,+",-,-,+,-,-,-,0,-,-,0
1,kore1280,kor,NA,NA,0254+0075+032F,ɔu̯,NA,FALSE,vowel,fake,0,-,"+,-",-,-,-,+,+,0,+,-,-,-,-,+,+,-,-,0,0,0,+,"-,+",-,-,+,"-,+",-,-,+,-,-,-,0,-,-,0
1,kore1280,kor,NA,NA,275,ɵ,NA,FALSE,vowel,fake,0,-,+,-,-,-,+,+,0,+,-,-,-,-,+,+,-,-,0,0,0,+,-,-,-,-,+,-,-,+,-,-,-,0,-,-,0
1,kore1280,kor,NA,NA,0275+0306,ɵ̆,NA,FALSE,vowel,fake,0,-,+,+,-,-,+,+,0,+,-,-,-,-,+,+,-,-,0,0,0,+,-,-,-,-,+,-,-,+,-,-,-,0,-,-,0
1,kore1280,kor,NA,NA,0275+02D0,ɵː,NA,FALSE,vowel,fake,0,-,+,-,+,-,+,+,0,+,-,-,-,-,+,+,-,-,0,0,0,+,-,-,-,-,+,-,-,+,-,-,-,0,-,-,0
1,kore1280,kor,NA,NA,70,p,NA,FALSE,consonant,fake,0,-,-,-,-,+,-,-,-,-,-,-,-,-,+,-,-,-,0,0,0,-,0,0,0,0,0,0,0,-,-,-,-,-,-,-,-
1,kore1280,kor,NA,NA,0070+02DE,pʵ,NA,FALSE,consonant,fake,0,-,-,-,-,+,-,-,-,-,-,-,-,-,+,-,-,+,+,+,+,+,0,0,0,0,0,0,0,-,-,-,-,-,-,-,-
1,kore1280,kor,NA,NA,0070+02DE+02B0,pʵʰ,NA,FALSE,consonant,fake,0,-,-,-,-,+,-,-,-,-,-,-,-,-,+,-,-,+,+,+,+,+,0,0,0,0,0,0,0,-,-,+,-,-,-,-,-
1,kore1280,kor,NA,NA,0070+02D0,pː,NA,FALSE,consonant,fake,0,-,-,-,+,+,-,-,-,-,-,-,-,-,+,-,-,-,0,0,0,-,0,0,0,0,0,0,0,-,-,-,-,-,-,-,-
1,kore1280,kor,NA,NA,0070+0066,pf,NA,FALSE,consonant,fake,0,-,-,-,-,+,-,-,+,-,-,-,-,-,+,-,+,-,0,0,0,-,0,0,0,0,0,0,0,-,-,-,-,-,-,-,-
1,kore1280,kor,NA,NA,0070+0066+02B0,pfʰ,NA,FALSE,consonant,fake,0,-,-,-,-,+,-,-,+,-,-,-,-,-,+,-,+,-,0,0,0,-,0,0,0,0,0,0,0,-,-,+,-,-,-,-,-
1,kore1280,kor,NA,NA,0070+02B0,pʰ,NA,FALSE,consonant,fake,0,-,-,-,-,+,-,-,-,-,-,-,-,-,+,-,-,-,0,0,0,-,0,0,0,0,0,0,0,-,-,+,-,-,-,-,-
1,kore1280,kor,NA,NA,0070+02B2,pʲ,NA,FALSE,consonant,fake,0,-,-,-,-,+,-,-,-,-,-,-,-,-,+,-,-,-,0,0,0,+,+,-,+,-,0,0,0,-,-,-,-,-,-,-,-
1,kore1280,kor,NA,NA,0070+02B2+02B0,pʲʰ,NA,FALSE,consonant,fake,0,-,-,-,-,+,-,-,-,-,-,-,-,-,+,-,-,-,0,0,0,+,+,-,+,-,0,0,0,-,-,+,-,-,-,-,-
1,kore1280,kor,NA,NA,0070+006D,pⁿ,NA,FALSE,consonant,fake,0,-,-,-,-,+,"-,+",-,-,-,-,-,"-,+",-,+,-,-,-,0,0,0,-,0,0,0,0,0,0,0,"-,+",-,-,-,-,-,-,-
1,kore1280,kor,NA,NA,0070+006D,pm,NA,FALSE,consonant,fake,0,-,-,-,-,+,"-,+",-,-,-,-,-,"-,+",-,+,-,-,-,0,0,0,-,0,0,0,0,0,0,0,"-,+",-,-,-,-,-,-,-
1,kore1280,kor,NA,NA,0070+0278,pɸ,NA,FALSE,consonant,fake,0,-,-,-,-,+,-,-,+,-,-,-,-,-,+,-,-,-,0,0,0,-,0,0,0,0,0,0,0,-,-,-,-,-,-,-,-
1,kore1280,kor,NA,NA,0070+02B7,pʷ,NA,FALSE,consonant,fake,0,-,-,-,-,+,-,-,-,-,-,-,-,-,+,+,-,-,0,0,0,-,0,0,0,0,0,0,0,-,-,-,-,-,-,-,-
1,kore1280,kor,NA,NA,0070+02B7+02D0,pʷː,NA,FALSE,consonant,fake,0,-,-,-,+,+,-,-,-,-,-,-,-,-,+,+,-,-,0,0,0,-,0,0,0,0,0,0,0,-,-,-,-,-,-,-,-
1,kore1280,kor,NA,NA,278,ɸ,NA,FALSE,consonant,fake,0,-,-,-,-,+,-,+,+,-,-,-,-,-,+,-,-,-,0,0,0,-,0,0,0,0,0,0,0,-,-,-,-,-,-,-,-
1,kore1280,kor,NA,NA,0278+02B2,ɸʲ,NA,FALSE,consonant,fake,0,-,-,-,-,+,-,+,+,-,-,-,-,-,+,-,-,-,0,0,0,+,+,-,+,-,0,0,0,-,-,-,-,-,-,-,-
1,kore1280,kor,NA,NA,0278+02B7,ɸʷ,NA,FALSE,consonant,fake,0,-,-,-,-,+,-,+,+,-,-,-,-,-,+,+,-,-,0,0,0,-,0,0,0,0,0,0,0,-,-,-,-,-,-,-,-
1,kore1280,kor,NA,NA,71,q,NA,FALSE,consonant,fake,0,-,-,-,-,+,-,-,-,-,-,-,-,-,-,0,0,-,0,0,0,+,-,-,-,+,0,0,0,-,-,-,-,-,-,-,-
1,kore1280,kor,NA,NA,0071+02B0,qʰ,NA,FALSE,consonant,fake,0,-,-,-,-,+,-,-,-,-,-,-,-,-,-,0,0,-,0,0,0,+,-,-,-,+,0,0,0,-,-,+,-,-,-,-,-
1,kore1280,kor,NA,NA,0071+02B7,qʷ,NA,FALSE,consonant,fake,0,-,-,-,-,+,-,-,-,-,-,-,-,-,+,+,-,-,0,0,0,+,-,-,-,+,0,0,0,-,-,-,-,-,-,-,-
1,kore1280,kor,NA,NA,279,ɹ,NA,FALSE,consonant,fake,0,-,-,-,-,-,+,+,0,+,-,-,-,-,-,0,0,+,-,+,-,-,0,0,0,0,0,0,0,+,-,-,-,-,-,-,-
1,kore1280,kor,NA,NA,0279+02D0,ɹː,NA,FALSE,consonant,fake,0,-,-,-,+,-,+,+,0,+,-,-,-,-,-,0,0,+,-,+,-,-,0,0,0,0,0,0,0,+,-,-,-,-,-,-,-
1,kore1280,kor,NA,NA,027A,ɺ,NA,FALSE,consonant,fake,0,-,-,-,-,+,+,+,0,+,+,-,-,+,-,0,0,+,+,-,-,-,0,0,0,0,0,0,0,+,-,-,-,-,-,-,-
1,kore1280,kor,NA,NA,027A+033A+0320,ɺ̢,NA,FALSE,consonant,fake,0,-,-,-,-,+,+,+,0,+,+,-,-,+,-,0,0,+,-,+,-,-,0,0,0,0,0,0,0,+,-,-,-,-,-,-,-
1,kore1280,kor,NA,NA,027A+033A+0320+0325,ɺ̢̥,NA,FALSE,consonant,fake,0,-,-,-,-,+,+,+,0,+,+,-,-,+,-,0,0,+,-,+,-,-,0,0,0,0,0,0,0,-,-,-,-,-,-,-,-
1,kore1280,kor,NA,NA,027A+0325,ɺ̥,NA,FALSE,consonant,fake,0,-,-,-,-,+,+,+,0,+,+,-,-,+,-,0,0,+,+,-,-,-,0,0,0,0,0,0,0,-,-,-,-,-,-,-,-
1,kore1280,kor,NA,NA,027B,ɻ,NA,FALSE,consonant,fake,0,-,-,-,-,+,+,+,0,+,-,-,-,-,-,0,0,+,-,-,-,-,0,0,0,0,0,0,0,+,-,-,-,-,-,-,-
1,kore1280,kor,NA,NA,027B+0325,ɻ̥,NA,FALSE,consonant,fake,0,-,-,-,-,+,+,+,0,+,-,-,-,-,-,0,0,+,-,-,-,-,0,0,0,0,0,0,0,-,-,-,-,-,-,-,-
1,kore1280,kor,NA,NA,027D,ɽ,NA,FALSE,consonant,fake,0,-,-,-,-,+,+,+,0,+,+,-,-,-,-,0,0,+,-,-,-,-,0,0,0,0,0,0,0,+,-,-,-,-,-,-,-
1,kore1280,kor,NA,NA,027E,ɾ,NA,FALSE,consonant,fake,0,-,-,-,-,+,+,+,0,+,+,-,-,-,-,0,0,+,+,-,-,-,0,0,0,0,0,0,0,+,-,-,-,-,-,-,-
1,kore1280,kor,NA,NA,2.70E+304,ɾ̃,NA,FALSE,consonant,fake,0,-,-,-,-,+,+,+,0,+,+,-,+,-,-,0,0,+,+,-,-,-,0,0,0,0,0,0,0,+,-,-,-,-,-,-,-
1,kore1280,kor,NA,NA,027E+0353,ɾ͓,NA,FALSE,consonant,fake,0,-,-,-,-,+,+,+,+,+,+,-,-,-,-,0,0,+,+,-,-,-,0,0,0,0,0,0,0,+,-,-,-,-,-,-,-
1,kore1280,kor,NA,NA,027E+0325,ɾ̥,NA,FALSE,consonant,fake,0,-,-,-,-,+,+,+,0,+,+,-,-,-,-,0,0,+,+,-,-,-,0,0,0,0,0,0,0,-,-,-,-,-,-,-,-
1,kore1280,kor,NA,NA,027E+02D0,ɾː,NA,FALSE,consonant,fake,0,-,-,-,+,+,+,+,0,+,+,-,-,-,-,0,0,+,+,-,-,-,0,0,0,0,0,0,0,+,-,-,-,-,-,-,-
1,kore1280,kor,NA,NA,027E+02C0,ɾˀ,NA,FALSE,consonant,fake,0,-,-,-,-,+,+,+,0,+,+,-,-,-,-,0,0,+,+,-,-,-,0,0,0,0,0,0,0,+,-,-,+,-,-,-,-
1,kore1280,kor,NA,NA,281,ʁ,NA,FALSE,consonant,fake,0,-,-,-,-,+,-,+,+,-,-,-,-,-,-,0,0,-,0,0,0,+,-,-,-,+,0,0,0,+,-,-,-,-,-,-,-
1,kore1280,kor,NA,NA,0281+02B7,ʁʷ,NA,FALSE,consonant,fake,0,-,-,-,-,+,-,+,+,-,-,-,-,-,+,+,-,-,0,0,0,+,-,-,-,+,0,0,0,+,-,-,-,-,-,-,-
1,kore1280,kor,NA,NA,73,s,NA,FALSE,consonant,fake,0,-,-,-,-,+,-,+,+,-,-,-,-,-,-,0,0,+,+,-,+,-,0,0,0,0,0,0,0,-,-,-,-,-,-,-,-
1,kore1280,kor,NA,NA,0073+0320,s̠,NA,FALSE,consonant,fake,0,-,-,-,-,+,-,+,+,-,-,-,-,-,-,0,0,+,-,+,+,-,0,0,0,0,0,0,0,-,-,-,-,-,-,-,-
1,kore1280,kor,NA,NA,0073+0329,s̩,NA,FALSE,consonant,fake,0,-,+,-,-,+,-,+,+,-,-,-,-,-,-,0,0,+,+,-,+,-,0,0,0,0,0,0,0,-,-,-,-,-,-,-,-
1,kore1280,kor,NA,NA,0073+032A,s̪,NA,FALSE,consonant,fake,0,-,-,-,-,+,-,+,+,-,-,-,-,-,-,0,0,+,+,+,+,-,0,0,0,0,0,0,0,-,-,-,-,-,-,-,-
1,kore1280,kor,NA,NA,0073+02D0,sː,NA,FALSE,consonant,fake,0,-,-,-,+,+,-,+,+,-,-,-,-,-,-,0,0,+,+,-,+,-,0,0,0,0,0,0,0,-,-,-,-,-,-,-,-
1,kore1280,kor,NA,NA,0073+02B0,sʰ,NA,FALSE,consonant,fake,0,-,-,-,-,+,-,+,+,-,-,-,-,-,-,0,0,+,+,-,+,-,0,0,0,0,0,0,0,-,-,+,-,-,-,-,-
1,kore1280,kor,NA,NA,0073+02B2,sʲ,NA,FALSE,consonant,fake,0,-,-,-,-,+,-,+,+,-,-,-,-,-,-,0,0,+,+,-,+,+,+,-,+,-,0,0,0,-,-,-,-,-,-,-,-
1,kore1280,kor,NA,NA,282,ʂ,NA,FALSE,consonant,fake,0,-,-,-,-,+,-,+,+,-,-,-,-,-,-,0,0,+,-,-,+,-,0,0,0,0,0,0,0,-,-,-,-,-,-,-,-
1,kore1280,kor,NA,NA,283,ʃ,NA,FALSE,consonant,fake,0,-,-,-,-,+,-,+,+,-,-,-,-,-,-,0,0,+,-,+,+,-,0,0,0,0,0,0,0,-,-,-,-,-,-,-,-
1,kore1280,kor,NA,NA,0283+02B0,ʃʰ,NA,FALSE,consonant,fake,0,-,-,-,-,+,-,+,+,-,-,-,-,-,-,0,0,+,-,+,+,-,0,0,0,0,0,0,0,-,-,+,-,-,-,-,-
1,kore1280,kor,NA,NA,74,t,NA,FALSE,consonant,fake,0,-,-,-,-,+,-,-,-,-,-,-,-,-,-,0,0,+,+,-,-,-,0,0,0,0,0,0,0,-,-,-,-,-,-,-,-
1,kore1280,kor,NA,NA,0074+0320,t̠,NA,FALSE,consonant,fake,0,-,-,-,-,+,-,-,-,-,-,-,-,-,-,0,0,+,+,-,-,-,0,0,0,0,0,0,0,-,-,-,-,-,-,-,-
1,kore1280,kor,NA,NA,0074+032A,t̪,NA,FALSE,consonant,fake,0,-,-,-,-,+,-,-,-,-,-,-,-,-,-,0,0,+,+,+,-,-,0,0,0,0,0,0,0,-,-,-,-,-,-,-,-
1,kore1280,kor,NA,NA,0074+032A,t̪͆,NA,FALSE,consonant,fake,0,-,-,-,-,+,-,-,-,-,-,-,-,-,-,0,0,+,+,+,-,-,0,0,0,0,0,0,0,-,-,-,-,-,-,-,-
1,kore1280,kor,NA,NA,0074+033B,t̻,NA,FALSE,consonant,fake,0,-,-,-,-,+,-,-,-,-,-,-,-,-,-,0,0,+,+,+,-,-,0,0,0,0,0,0,0,-,-,-,-,-,-,-,-
1,kore1280,kor,NA,NA,0074+02D0,tː,NA,FALSE,consonant,fake,0,-,-,-,+,+,-,-,-,-,-,-,-,-,-,0,0,+,+,-,-,-,0,0,0,0,0,0,0,-,-,-,-,-,-,-,-
1,kore1280,kor,NA,NA,0074+032A+02D0,t̪ː,NA,FALSE,consonant,fake,0,-,-,-,+,+,-,-,-,-,-,-,-,-,-,0,0,+,+,+,-,-,0,0,0,0,0,0,0,-,-,-,-,-,-,-,-
1,kore1280,kor,NA,NA,0074+0255,tɕ,NA,FALSE,consonant,fake,0,-,-,-,-,+,-,"-,+","-,+",-,-,-,-,-,-,0,0,+,+,"-,+","-,+","-,+",+,-,+,-,0,0,0,-,-,-,-,-,-,-,-
1,kore1280,kor,NA,NA,0074+0255+02B0,tɕʰ,NA,FALSE,consonant,fake,0,-,-,-,-,+,-,"-,+","-,+",-,-,-,-,-,-,0,0,+,+,"-,+","-,+","-,+",+,-,+,-,0,0,0,-,-,"-,+",-,-,-,-,-
1,kore1280,kor,NA,NA,0074+02B0,tʰ,NA,FALSE,consonant,fake,0,-,-,-,-,+,-,-,-,-,-,-,-,-,-,0,0,+,+,-,-,-,0,0,0,0,0,0,0,-,-,+,-,-,-,-,-
1,kore1280,kor,NA,NA,0074+032A+02B0,t̪ʰ,NA,FALSE,consonant,fake,0,-,-,-,-,+,-,-,-,-,-,-,-,-,-,0,0,+,+,+,-,-,0,0,0,0,0,0,0,-,-,+,-,-,-,-,-
1,kore1280,kor,NA,NA,0074+02B2,tʲ,NA,FALSE,consonant,fake,0,-,-,-,-,+,-,-,-,-,-,-,-,-,-,0,0,+,+,-,-,+,+,-,+,-,0,0,0,-,-,-,-,-,-,-,-
1,kore1280,kor,NA,NA,0074+0320+02B2,ȶ,NA,FALSE,consonant,fake,0,-,-,-,-,+,-,-,-,-,-,-,-,-,-,0,0,+,+,-,-,+,+,-,+,-,0,0,0,-,-,-,-,-,-,-,-
1,kore1280,kor,NA,NA,0074+0320+02B2+02B0,ȶʰ,NA,FALSE,consonant,fake,0,-,-,-,-,+,-,-,-,-,-,-,-,-,-,0,0,+,+,-,-,+,+,-,+,-,0,0,0,-,-,+,-,-,-,-,-
1,kore1280,kor,NA,NA,0074+026C,tɬ,NA,FALSE,consonant,fake,0,-,-,-,-,+,-,"-,+","-,+",-,-,-,-,"-,+",-,0,0,+,+,-,-,-,0,0,0,0,0,0,0,-,-,-,-,-,-,-,-
1,kore1280,kor,NA,NA,0074+026C+02B0,tɬʰ,NA,FALSE,consonant,fake,0,-,-,-,-,+,-,"-,+","-,+",-,-,-,-,"-,+",-,0,0,+,+,-,-,-,0,0,0,0,0,0,0,-,-,"-,+",-,-,-,-,-
1,kore1280,kor,NA,NA,0074+006E,tn,NA,FALSE,consonant,fake,0,-,-,-,-,+,"-,+",-,-,-,-,-,"-,+",-,-,0,0,+,+,-,-,-,0,0,0,0,0,0,0,"-,+",-,-,-,-,-,-,-
1,kore1280,kor,NA,NA,0074+006E,tⁿ,NA,FALSE,consonant,fake,0,-,-,-,-,+,"-,+",-,-,-,-,-,"-,+",-,-,0,0,+,+,-,-,-,0,0,0,0,0,0,0,"-,+",-,-,-,-,-,-,-
1,kore1280,kor,NA,NA,0074+027E,tɾ,NA,FALSE,consonant,fake,0,-,-,-,-,+,"-,+","-,+",-,"-,+","-,+",-,-,-,-,0,0,+,+,-,-,-,0,0,0,0,0,0,0,"-,+",-,-,-,-,-,-,-
1,kore1280,kor,NA,NA,0074+0073,ts,NA,FALSE,consonant,fake,0,-,-,-,-,+,-,-,+,-,-,-,-,-,-,0,0,+,+,-,+,-,0,0,0,0,0,0,0,-,-,-,-,-,-,-,-
1,kore1280,kor,NA,NA,0074+0073+032A,ts̪,NA,FALSE,consonant,fake,0,-,-,-,-,+,-,-,+,-,-,-,-,-,-,0,0,+,+,+,+,-,0,0,0,0,0,0,0,-,-,-,-,-,-,-,-
1,kore1280,kor,NA,NA,0074+0073+02B0,tsʰ,NA,FALSE,consonant,fake,0,-,-,-,-,+,-,-,+,-,-,-,-,-,-,0,0,+,+,-,+,-,0,0,0,0,0,0,0,-,-,+,-,-,-,-,-
1,kore1280,kor,NA,NA,0074+0282,tʂ,NA,FALSE,consonant,fake,0,-,-,-,-,+,-,"-,+","-,+",-,-,-,-,-,-,0,0,+,"+,-",-,"-,+",-,0,0,0,0,0,0,0,-,-,-,-,-,-,-,-
1,kore1280,kor,NA,NA,0074+0282+02B0,tʂʰ,NA,FALSE,consonant,fake,0,-,-,-,-,+,-,"-,+","-,+",-,-,-,-,-,-,0,0,+,"+,-",-,"-,+",-,0,0,0,0,0,0,0,-,-,"-,+",-,-,-,-,-
1,kore1280,kor,NA,NA,0074+0283,tʃ,NA,FALSE,consonant,fake,0,-,-,-,-,+,-,-,+,-,-,-,-,-,-,0,0,+,-,+,+,-,0,0,0,0,0,0,0,-,-,-,-,-,-,-,-
1,kore1280,kor,NA,NA,0074+0283+02D0,tʃː,NA,FALSE,consonant,fake,0,-,-,-,+,+,-,-,+,-,-,-,-,-,-,0,0,+,-,+,+,-,0,0,0,0,0,0,0,-,-,-,-,-,-,-,-
1,kore1280,kor,NA,NA,0074+0283+02B0,tʃʰ,NA,FALSE,consonant,fake,0,-,-,-,-,+,-,-,+,-,-,-,-,-,-,0,0,+,-,+,+,-,0,0,0,0,0,0,0,-,-,+,-,-,-,-,-
1,kore1280,kor,NA,NA,0074+0320+02B7+02B2,ȶʷ,NA,FALSE,consonant,fake,0,-,-,-,-,+,-,-,-,-,-,-,-,-,+,+,-,+,+,-,-,+,+,-,+,-,0,0,0,-,-,-,-,-,-,-,-
1,kore1280,kor,NA,NA,0074+0291,tʑ,NA,FALSE,consonant,fake,0,-,-,-,-,+,-,"-,+","-,+",-,-,-,-,-,-,0,0,+,+,"-,+","-,+","-,+",+,-,+,-,0,0,0,"-,+",-,-,-,-,-,-,-
1,kore1280,kor,NA,NA,0074+02C0,tˀ,NA,FALSE,consonant,fake,0,-,-,-,-,+,-,-,-,-,-,-,-,-,-,0,0,+,+,-,-,-,0,0,0,0,0,0,0,-,-,-,+,-,-,-,-
1,kore1280,kor,NA,NA,288,ʈ,NA,FALSE,consonant,fake,0,-,-,-,-,+,-,-,-,-,-,-,-,-,-,0,0,+,-,-,-,-,0,0,0,0,0,0,0,-,-,-,-,-,-,-,-
1,kore1280,kor,NA,NA,0288+02B0,ʈʰ,NA,FALSE,consonant,fake,0,-,-,-,-,+,-,-,-,-,-,-,-,-,-,0,0,+,-,-,-,-,0,0,0,0,0,0,0,-,-,+,-,-,-,-,-
1,kore1280,kor,NA,NA,75,u,NA,FALSE,vowel,fake,0,-,+,-,-,-,+,+,0,+,-,-,-,-,+,+,-,-,0,0,0,+,+,-,-,+,+,-,-,+,-,-,-,0,-,-,0
1,kore1280,kor,NA,NA,0075+0303,ũ,NA,FALSE,vowel,fake,0,-,+,-,-,-,+,+,0,+,-,-,+,-,+,+,-,-,0,0,0,+,+,-,-,+,+,-,-,+,-,-,-,0,-,-,0
1,kore1280,kor,NA,NA,0075+031E,u̞,NA,FALSE,vowel,fake,0,-,+,-,-,-,+,+,0,+,-,-,-,-,+,+,-,-,0,0,0,+,+,-,-,+,0,-,-,+,-,-,-,0,-,-,0
1,kore1280,kor,NA,NA,0075+032F,u̯,NA,FALSE,vowel,fake,0,-,-,-,-,-,+,+,0,+,-,-,-,-,+,+,-,-,0,0,0,+,+,-,-,+,+,-,-,+,-,-,-,0,-,-,0
1,kore1280,kor,NA,NA,0075+0324,ṳ,NA,FALSE,vowel,fake,0,-,+,-,-,-,+,+,0,+,-,-,-,-,+,+,-,-,0,0,0,+,+,-,-,+,+,-,-,+,-,+,-,0,-,-,0
1,kore1280,kor,NA,NA,0075+0324+0303,ṳ̃,NA,FALSE,vowel,fake,0,-,+,-,-,-,+,+,0,+,-,-,+,-,+,+,-,-,0,0,0,+,+,-,-,+,+,-,-,+,-,+,-,0,-,-,0
1,kore1280,kor,NA,NA,0075+0325,u̥,NA,FALSE,vowel,fake,0,-,+,-,-,-,+,+,0,+,-,-,-,-,+,+,-,-,0,0,0,+,+,-,-,+,+,-,-,-,-,-,-,0,-,-,0
1,kore1280,kor,NA,NA,0075+0330,ṵ,NA,FALSE,vowel,fake,0,-,+,-,-,-,+,+,0,+,-,-,-,-,+,+,-,-,0,0,0,+,+,-,-,+,+,-,-,+,-,-,+,0,-,-,0
1,kore1280,kor,NA,NA,0075+02DE,uʵ,NA,FALSE,vowel,fake,0,-,+,-,-,-,+,+,0,+,-,-,-,-,+,+,-,+,+,+,+,+,+,-,-,+,+,-,-,+,-,-,-,0,-,-,0
1,kore1280,kor,NA,NA,0075+02DE+02D0,uʵː,NA,FALSE,vowel,fake,0,-,+,-,+,-,+,+,0,+,-,-,-,-,+,+,-,+,+,+,+,+,+,-,-,+,+,-,-,+,-,-,-,0,-,-,0
1,kore1280,kor,NA,NA,0075+02D0,uː,NA,FALSE,vowel,fake,0,-,+,-,+,-,+,+,0,+,-,-,-,-,+,+,-,-,0,0,0,+,+,-,-,+,+,-,-,+,-,-,-,0,-,-,0
1,kore1280,kor,NA,NA,0075+0303+02D0,ũː,NA,FALSE,vowel,fake,0,-,+,-,+,-,+,+,0,+,-,-,+,-,+,+,-,-,0,0,0,+,+,-,-,+,+,-,-,+,-,-,-,0,-,-,0
1,kore1280,kor,NA,NA,0075+0324+02D0,ṳː,NA,FALSE,vowel,fake,0,-,+,-,+,-,+,+,0,+,-,-,-,-,+,+,-,-,0,0,0,+,+,-,-,+,+,-,-,+,-,+,-,0,-,-,0
1,kore1280,kor,NA,NA,0075+0324+0303+02D0,ṳ̃ː,NA,FALSE,vowel,fake,0,-,+,-,+,-,+,+,0,+,-,-,+,-,+,+,-,-,0,0,0,+,+,-,-,+,+,-,-,+,-,+,-,0,-,-,0
1,kore1280,kor,NA,NA,0075+0061,ua,NA,FALSE,vowel,fake,0,-,+,-,-,-,+,+,0,+,-,-,-,-,"+,-",+,-,-,0,0,0,+,"+,-","-,+",-,"+,-",+,-,-,+,-,-,-,0,-,-,0
1,kore1280,kor,NA,NA,0075+032F+0061,u̯a,NA,FALSE,vowel,fake,0,-,"-,+",-,-,-,+,+,0,+,-,-,-,-,"+,-",+,-,-,0,0,0,+,"+,-","-,+",-,"+,-",+,-,-,+,-,-,-,0,-,-,0
1,kore1280,kor,NA,NA,0075+032F+0061+02D0,u̯aː,NA,FALSE,vowel,fake,0,-,"-,+",-,"-,+",-,+,+,0,+,-,-,-,-,"+,-",+,-,-,0,0,0,+,"+,-","-,+",-,"+,-",+,-,-,+,-,-,-,0,-,-,0
1,kore1280,kor,NA,NA,0075+032F+0250,u̯ɐ,NA,FALSE,vowel,fake,0,-,"-,+",-,-,-,+,+,0,+,-,-,-,-,+,+,-,-,0,0,0,+,"+,-","-,+",-,"+,-",+,-,-,+,-,-,-,0,-,-,0
1,kore1280,kor,NA,NA,0075+032F+0251,u̯ɑ,NA,FALSE,vowel,fake,0,-,"-,+",-,-,-,+,+,0,+,-,-,-,-,"+,-",+,-,-,0,0,0,+,"+,-","-,+",-,+,+,-,-,+,-,-,-,0,-,-,0
1,kore1280,kor,NA,NA,0075+032F+0251+0303,u̯ɑ̃,NA,FALSE,vowel,fake,0,-,"-,+",-,-,-,+,+,0,+,-,-,"-,+",-,"+,-",+,-,-,0,0,0,+,"+,-","-,+",-,+,+,-,-,+,-,-,-,0,-,-,0
1,kore1280,kor,NA,NA,0075+0065,ue,NA,FALSE,vowel,fake,0,-,+,-,-,-,+,+,0,+,-,-,-,-,"+,-",+,-,-,0,0,0,+,"+,-",-,"-,+","+,-",+,-,-,+,-,-,-,0,-,-,0
1,kore1280,kor,NA,NA,0075+032F+0065,u̯e,NA,FALSE,vowel,fake,0,-,"-,+",-,-,-,+,+,0,+,-,-,-,-,"+,-",+,-,-,0,0,0,+,"+,-",-,"-,+","+,-",+,-,-,+,-,-,-,0,-,-,0
1,kore1280,kor,NA,NA,0075+0259,uə,NA,FALSE,vowel,fake,0,-,+,-,-,-,+,+,0,+,-,-,-,-,"+,-",+,-,-,0,0,0,+,"+,-",-,-,"+,-","+,-",-,-,+,-,-,-,0,-,-,0
1,kore1280,kor,NA,NA,0075+032F+0259,u̯ə,NA,FALSE,vowel,fake,0,-,"-,+",-,-,-,+,+,0,+,-,-,-,-,"+,-",+,-,-,0,0,0,+,"+,-",-,-,"+,-","+,-",-,-,+,-,-,-,0,-,-,0
1,kore1280,kor,NA,NA,0075+0259+0069,uəi,NA,FALSE,vowel,fake,0,-,+,-,-,-,+,+,0,+,-,-,-,-,"+,-,-",+,-,-,0,0,0,+,"+,-,+",-,"-,-,+","+,-,-","+,-,+",-,-,+,-,-,-,0,-,-,0
1,kore1280,kor,NA,NA,0075+032F+0259+0069+032F,u̯əi̯,NA,FALSE,vowel,fake,0,-,"-,+,-",-,-,-,+,+,0,+,-,-,-,-,"+,-,-",+,-,-,0,0,0,+,"+,-,+",-,"-,-,+","+,-,-","+,-,+",-,-,+,-,-,-,0,-,-,0
1,kore1280,kor,NA,NA,0075+032F+025C,u̯ɜ,NA,FALSE,vowel,fake,0,-,"-,+",-,-,-,+,+,0,+,-,-,-,-,"+,-",+,-,-,0,0,0,+,"+,-",-,-,"+,-","+,-",-,-,+,-,-,-,0,-,-,0
1,kore1280,kor,NA,NA,0075+032F+025C+0069+032F,u̯ɜi̯,NA,FALSE,vowel,fake,0,-,"-,+,-",-,-,-,+,+,0,+,-,-,-,-,"+,-,-",+,-,-,0,0,0,+,"+,-,+",-,"-,-,+","+,-,-","+,-,+",-,-,+,-,-,-,0,-,-,0
1,kore1280,kor,NA,NA,0075+0069,ui,NA,FALSE,vowel,fake,0,-,+,-,-,-,+,+,0,+,-,-,-,-,"+,-",+,-,-,0,0,0,+,+,-,"-,+","+,-",+,-,-,+,-,-,-,0,-,-,0
1,kore1280,kor,NA,NA,0075+0069+032F,ui̯,NA,FALSE,vowel,fake,0,-,"+,-",-,-,-,+,+,0,+,-,-,-,-,"+,-",+,-,-,0,0,0,+,+,-,"-,+","+,-",+,-,-,+,-,-,-,0,-,-,0
1,kore1280,kor,NA,NA,0075+0303+0069+032F,ũi̯,NA,FALSE,vowel,fake,0,-,"+,-",-,-,-,+,+,0,+,-,-,"+,-",-,"+,-",+,-,-,0,0,0,+,+,-,"-,+","+,-",+,-,-,+,-,-,-,0,-,-,0
1,kore1280,kor,NA,NA,0075+032F+0069,u̯i,NA,FALSE,vowel,fake,0,-,"-,+",-,-,-,+,+,0,+,-,-,-,-,"+,-",+,-,-,0,0,0,+,+,-,"-,+","+,-",+,-,-,+,-,-,-,0,-,-,0
1,kore1280,kor,NA,NA,0075+006F,uo,NA,FALSE,vowel,fake,0,-,+,-,-,-,+,+,0,+,-,-,-,-,+,+,-,-,0,0,0,+,"+,-",-,-,+,+,-,-,+,-,-,-,0,-,-,0
1,kore1280,kor,NA,NA,0075+032F+006F,u̯o,NA,FALSE,vowel,fake,0,-,"-,+",-,-,-,+,+,0,+,-,-,-,-,+,+,-,-,0,0,0,+,"+,-",-,-,+,+,-,-,+,-,-,-,0,-,-,0
1,kore1280,kor,NA,NA,0075+0254,uɔ,NA,FALSE,vowel,fake,0,-,+,-,-,-,+,+,0,+,-,-,-,-,+,+,-,-,0,0,0,+,"+,-",-,-,+,"+,-",-,-,+,-,-,-,0,-,-,0
1,kore1280,kor,NA,NA,0075+032F+0254,u̯ɔ,NA,FALSE,vowel,fake,0,-,"-,+",-,-,-,+,+,0,+,-,-,-,-,+,+,-,-,0,0,0,+,"+,-",-,-,+,"+,-",-,-,+,-,-,-,0,-,-,0
1,kore1280,kor,NA,NA,0075+032F+0254+02D0,u̯ɔː,NA,FALSE,vowel,fake,0,-,"-,+",-,"-,+",-,+,+,0,+,-,-,-,-,+,+,-,-,0,0,0,+,"+,-",-,-,+,"+,-",-,-,+,-,-,-,0,-,-,0
1,kore1280,kor,NA,NA,0075+02C0,uˀ,NA,FALSE,vowel,fake,0,-,+,-,-,-,+,+,0,+,-,-,-,-,+,+,-,-,0,0,0,+,+,-,-,+,+,-,-,+,-,-,+,0,-,-,0
1,kore1280,kor,NA,NA,289,ʉ,NA,FALSE,vowel,fake,0,-,+,-,-,-,+,+,0,+,-,-,-,-,+,+,-,-,0,0,0,+,+,-,-,-,+,-,-,+,-,-,-,0,-,-,0
1,kore1280,kor,NA,NA,0289+031E,ʉ̞,NA,FALSE,vowel,fake,0,-,+,-,-,-,+,+,0,+,-,-,-,-,+,+,-,-,0,0,0,+,+,-,-,-,0,-,-,+,-,-,-,0,-,-,0
1,kore1280,kor,NA,NA,0289+02D0,ʉː,NA,FALSE,vowel,fake,0,-,+,-,+,-,+,+,0,+,-,-,-,-,+,+,-,-,0,0,0,+,+,-,-,-,+,-,-,+,-,-,-,0,-,-,0
1,kore1280,kor,NA,NA,265,ɥ,NA,FALSE,consonant,fake,0,-,-,-,-,-,+,+,0,+,-,-,-,-,+,+,-,-,0,0,0,+,+,-,+,-,+,0,0,+,-,-,-,-,-,-,-
1,kore1280,kor,NA,NA,026F,ɯ,NA,FALSE,vowel,fake,0,-,+,-,-,-,+,+,0,+,-,-,-,-,-,0,0,-,0,0,0,+,+,-,-,+,+,-,-,+,-,-,-,0,-,-,0
1,kore1280,kor,NA,NA,026F+0303,ɯ̃,NA,FALSE,vowel,fake,0,-,+,-,-,-,+,+,0,+,-,-,+,-,-,0,0,-,0,0,0,+,+,-,-,+,+,-,-,+,-,-,-,0,-,-,0
1,kore1280,kor,NA,NA,026F+0324,ɯ̤,NA,FALSE,vowel,fake,0,-,+,-,-,-,+,+,0,+,-,-,-,-,-,0,0,-,0,0,0,+,+,-,-,+,+,-,-,+,-,+,-,0,-,-,0
1,kore1280,kor,NA,NA,026F+0330,ɯ̰,NA,FALSE,vowel,fake,0,-,+,-,-,-,+,+,0,+,-,-,-,-,-,0,0,-,0,0,0,+,+,-,-,+,+,-,-,+,-,-,+,0,-,-,0
1,kore1280,kor,NA,NA,026F+02D0,ɯː,NA,FALSE,vowel,fake,0,-,+,-,+,-,+,+,0,+,-,-,-,-,-,0,0,-,0,0,0,+,+,-,-,+,+,-,-,+,-,-,-,0,-,-,0
1,kore1280,kor,NA,NA,026F+0303+02D0,ɯ̃ː,NA,FALSE,vowel,fake,0,-,+,-,+,-,+,+,0,+,-,-,+,-,-,0,0,-,0,0,0,+,+,-,-,+,+,-,-,+,-,-,-,0,-,-,0
1,kore1280,kor,NA,NA,026F+032F+0065,ɯ̯e,NA,FALSE,vowel,fake,0,-,"-,+",-,-,-,+,+,0,+,-,-,-,-,-,0,0,-,0,0,0,+,"+,-",-,"-,+","+,-",+,-,-,+,-,-,-,0,-,-,0
1,kore1280,kor,NA,NA,270,ɰ,NA,FALSE,consonant,fake,0,-,-,-,-,-,+,+,0,+,-,-,-,-,-,0,0,-,0,0,0,+,+,-,-,+,+,0,0,+,-,-,-,-,-,-,-
1,kore1280,kor,NA,NA,028A,ʊ,NA,FALSE,vowel,fake,0,-,+,-,-,-,+,+,0,+,-,-,-,-,+,+,-,-,0,0,0,+,+,-,-,+,-,-,-,+,-,-,-,0,-,-,0
1,kore1280,kor,NA,NA,028A+0303,ʊ̃,NA,FALSE,vowel,fake,0,-,+,-,-,-,+,+,0,+,-,-,+,-,+,+,-,-,0,0,0,+,+,-,-,+,-,-,-,+,-,-,-,0,-,-,0
1,kore1280,kor,NA,NA,028A+0324+0303,ʊ̤̃,NA,FALSE,vowel,fake,0,-,+,-,-,-,+,+,0,+,-,-,+,-,+,+,-,-,0,0,0,+,+,-,-,+,-,-,-,+,-,+,-,0,-,-,0
1,kore1280,kor,NA,NA,028A+0330+0303,ʊ̰̃,NA,FALSE,vowel,fake,0,-,+,-,-,-,+,+,0,+,-,-,+,-,+,+,-,-,0,0,0,+,+,-,-,+,-,-,-,+,-,-,+,0,-,-,0
1,kore1280,kor,NA,NA,028A+02D0,ʊː,NA,FALSE,vowel,fake,0,-,+,-,+,-,+,+,0,+,-,-,-,-,+,+,-,-,0,0,0,+,+,-,-,+,-,-,-,+,-,-,-,0,-,-,0
1,kore1280,kor,NA,NA,028A+0069+032F,ʊi̯,NA,FALSE,vowel,fake,0,-,"+,-",-,-,-,+,+,0,+,-,-,-,-,"+,-",+,-,-,0,0,0,+,+,-,"-,+","+,-","-,+",-,-,+,-,-,-,0,-,-,0
1,kore1280,kor,NA,NA,028A+02C0,ʊˀ,NA,FALSE,vowel,fake,0,-,+,-,-,-,+,+,0,+,-,-,-,-,+,+,-,-,0,0,0,+,+,-,-,+,-,-,-,+,-,-,+,0,-,-,0
1,kore1280,kor,NA,NA,76,v,NA,FALSE,consonant,fake,0,-,-,-,-,+,-,+,+,-,-,-,-,-,+,-,+,-,0,0,0,-,0,0,0,0,0,0,0,+,-,-,-,-,-,-,-
1,kore1280,kor,NA,NA,0076+0329,ꭒ,NA,FALSE,consonant,fake,0,-,+,-,-,+,-,+,+,-,-,-,-,-,+,-,+,-,0,0,0,-,0,0,0,0,0,0,0,+,-,-,-,-,-,-,-
1,kore1280,kor,NA,NA,0076+0329+0303,ꭒ̃,NA,FALSE,consonant,fake,0,-,+,-,-,+,-,+,+,-,-,-,+,-,+,-,+,-,0,0,0,-,0,0,0,0,0,0,0,+,-,-,-,-,-,-,-
1,kore1280,kor,NA,NA,0076+02B7,vʷ,NA,FALSE,consonant,fake,0,-,-,-,-,+,-,+,+,-,-,-,-,-,+,+,-,-,0,0,0,-,0,0,0,0,0,0,0,+,-,-,-,-,-,-,-
1,kore1280,kor,NA,NA,028B,ʋ,NA,FALSE,consonant,fake,0,-,-,-,-,-,+,+,0,+,-,-,-,-,+,-,+,-,0,0,0,-,0,0,0,0,0,0,0,+,-,-,-,-,-,-,-
1,kore1280,kor,NA,NA,028C,ʌ,NA,FALSE,vowel,fake,0,-,+,-,-,-,+,+,0,+,-,-,-,-,-,0,0,-,0,0,0,+,-,-,-,+,-,-,-,+,-,-,-,0,-,-,0
1,kore1280,kor,NA,NA,028C+0306,ʌ̆,NA,FALSE,vowel,fake,0,-,+,+,-,-,+,+,0,+,-,-,-,-,-,0,0,-,0,0,0,+,-,-,-,+,-,-,-,+,-,-,-,0,-,-,0
1,kore1280,kor,NA,NA,028C+0303,ʌ̃,NA,FALSE,vowel,fake,0,-,+,-,-,-,+,+,0,+,-,-,+,-,-,0,0,-,0,0,0,+,-,-,-,+,-,-,-,+,-,-,-,0,-,-,0
1,kore1280,kor,NA,NA,028C+0324,ʌ̤,NA,FALSE,vowel,fake,0,-,+,-,-,-,+,+,0,+,-,-,-,-,-,0,0,-,0,0,0,+,-,-,-,+,-,-,-,+,-,+,-,0,-,-,0
1,kore1280,kor,NA,NA,028C+0324+0303,ʌ̤̃,NA,FALSE,vowel,fake,0,-,+,-,-,-,+,+,0,+,-,-,+,-,-,0,0,-,0,0,0,+,-,-,-,+,-,-,-,+,-,+,-,0,-,-,0
1,kore1280,kor,NA,NA,028C+02D0,ʌː,NA,FALSE,vowel,fake,0,-,+,-,+,-,+,+,0,+,-,-,-,-,-,0,0,-,0,0,0,+,-,-,-,+,-,-,-,+,-,-,-,0,-,-,0
1,kore1280,kor,NA,NA,028C+0303+02D0,ʌ̃ː,NA,FALSE,vowel,fake,0,-,+,-,+,-,+,+,0,+,-,-,+,-,-,0,0,-,0,0,0,+,-,-,-,+,-,-,-,+,-,-,-,0,-,-,0
1,kore1280,kor,NA,NA,028C+0324+02D0,ʌ̤ː,NA,FALSE,vowel,fake,0,-,+,-,+,-,+,+,0,+,-,-,-,-,-,0,0,-,0,0,0,+,-,-,-,+,-,-,-,+,-,+,-,0,-,-,0
1,kore1280,kor,NA,NA,028C+0324+0303+02D0,ʌ̤̃ː,NA,FALSE,vowel,fake,0,-,+,-,+,-,+,+,0,+,-,-,+,-,-,0,0,-,0,0,0,+,-,-,-,+,-,-,-,+,-,+,-,0,-,-,0
1,kore1280,kor,NA,NA,028C+032F+0065,ʌ̯e,NA,FALSE,vowel,fake,0,-,"-,+",-,-,-,+,+,0,+,-,-,-,-,-,0,0,-,0,0,0,+,-,-,"-,+","+,-","-,+",-,-,+,-,-,-,0,-,-,0
1,kore1280,kor,NA,NA,028C+0069+032F,ʌi̯,NA,FALSE,vowel,fake,0,-,"+,-",-,-,-,+,+,0,+,-,-,-,-,-,0,0,-,0,0,0,+,"-,+",-,"-,+","+,-","-,+",-,-,+,-,-,-,0,-,-,0
1,kore1280,kor,NA,NA,028C+0075+032F,ʌu̯,NA,FALSE,vowel,fake,0,-,"+,-",-,-,-,+,+,0,+,-,-,-,-,"-,+",+,-,-,0,0,0,+,"-,+",-,-,+,"-,+",-,-,+,-,-,-,0,-,-,0
1,kore1280,kor,NA,NA,77,w,NA,FALSE,consonant,fake,0,-,-,-,-,-,+,+,0,+,-,-,-,-,+,+,-,-,0,0,0,+,+,-,-,+,+,0,0,+,-,-,-,-,-,-,-
1,kore1280,kor,NA,NA,0077+0325,w̥,NA,FALSE,consonant,fake,0,-,-,-,-,-,+,+,0,+,-,-,-,-,+,+,-,-,0,0,0,+,+,-,-,+,+,0,0,-,-,-,-,-,-,-,-
1,kore1280,kor,NA,NA,0077+0325+02B2,w̥ʲ,NA,FALSE,consonant,fake,0,-,-,-,-,-,+,+,0,+,-,-,-,-,+,+,-,-,0,0,0,+,+,-,+,-,+,0,0,-,-,-,-,-,-,-,-
1,kore1280,kor,NA,NA,028D,ʍ,NA,FALSE,consonant,fake,0,-,-,-,-,-,-,+,+,-,-,-,-,-,+,+,-,-,0,0,0,+,+,-,-,+,+,0,0,-,-,+,-,-,-,-,-
1,kore1280,kor,NA,NA,028D+02B2,ʍʲ,NA,FALSE,consonant,fake,0,-,-,-,-,-,-,+,+,-,-,-,-,-,+,+,-,-,0,0,0,+,+,-,+,-,+,0,0,-,-,+,-,-,-,-,-
1,kore1280,kor,NA,NA,78,x,NA,FALSE,consonant,fake,0,-,-,-,-,+,-,+,+,-,-,-,-,-,-,0,0,-,0,0,0,+,+,-,-,-,0,0,0,-,-,-,-,-,-,-,-
1,kore1280,kor,NA,NA,0078+02B0,xʰ,NA,FALSE,consonant,fake,0,-,-,-,-,+,-,+,+,-,-,-,-,-,-,0,0,-,0,0,0,+,+,-,-,-,0,0,0,-,-,+,-,-,-,-,-
1,kore1280,kor,NA,NA,0078+02B7,xʷ,NA,FALSE,consonant,fake,0,-,-,-,-,+,-,+,+,-,-,-,-,-,+,+,-,-,0,0,0,+,+,-,-,-,0,0,0,-,-,-,-,-,-,-,-
1,kore1280,kor,NA,NA,79,y,NA,FALSE,vowel,fake,0,-,+,-,-,-,+,+,0,+,-,-,-,-,+,+,-,-,0,0,0,+,+,-,+,-,+,-,-,+,-,-,-,0,-,-,0
1,kore1280,kor,NA,NA,0079+0303,ỹ,NA,FALSE,vowel,fake,0,-,+,-,-,-,+,+,0,+,-,-,+,-,+,+,-,-,0,0,0,+,+,-,+,-,+,-,-,+,-,-,-,0,-,-,0
1,kore1280,kor,NA,NA,0079+0324,y̤,NA,FALSE,vowel,fake,0,-,+,-,-,-,+,+,0,+,-,-,-,-,+,+,-,-,0,0,0,+,+,-,+,-,+,-,-,+,-,+,-,0,-,-,0
1,kore1280,kor,NA,NA,0079+0330,y̰,NA,FALSE,vowel,fake,0,-,+,-,-,-,+,+,0,+,-,-,-,-,+,+,-,-,0,0,0,+,+,-,+,-,+,-,-,+,-,-,+,0,-,-,0
1,kore1280,kor,NA,NA,0079+02DE,yʵ,NA,FALSE,vowel,fake,0,-,+,-,-,-,+,+,0,+,-,-,-,-,+,+,-,+,+,+,+,+,+,-,+,-,+,-,-,+,-,-,-,0,-,-,0
1,kore1280,kor,NA,NA,0079+02DE+02D0,yʵː,NA,FALSE,vowel,fake,0,-,+,-,+,-,+,+,0,+,-,-,-,-,+,+,-,+,+,+,+,+,+,-,+,-,+,-,-,+,-,-,-,0,-,-,0
1,kore1280,kor,NA,NA,0079+02D0,yː,NA,FALSE,vowel,fake,0,-,+,-,+,-,+,+,0,+,-,-,-,-,+,+,-,-,0,0,0,+,+,-,+,-,+,-,-,+,-,-,-,0,-,-,0
1,kore1280,kor,NA,NA,0079+0303+02D0,ỹː,NA,FALSE,vowel,fake,0,-,+,-,+,-,+,+,0,+,-,-,+,-,+,+,-,-,0,0,0,+,+,-,+,-,+,-,-,+,-,-,-,0,-,-,0
1,kore1280,kor,NA,NA,0079+032F+0250,y̯ɐ,NA,FALSE,vowel,fake,0,-,"-,+",-,-,-,+,+,0,+,-,-,-,-,+,+,-,-,0,0,0,+,"+,-","-,+","+,-",-,+,-,-,+,-,-,-,0,-,-,0
1,kore1280,kor,NA,NA,0079+032F+0065,y̯e,NA,FALSE,vowel,fake,0,-,"-,+",-,-,-,+,+,0,+,-,-,-,-,"+,-",+,-,-,0,0,0,+,"+,-",-,+,-,+,-,-,+,-,-,-,0,-,-,0
1,kore1280,kor,NA,NA,0079+032F+025B,y̯ɛ,NA,FALSE,vowel,fake,0,-,"-,+",-,-,-,+,+,0,+,-,-,-,-,"+,-",+,-,-,0,0,0,+,"+,-",-,+,-,"+,-",-,-,+,-,-,-,0,-,-,0
1,kore1280,kor,NA,NA,0079+032F+025C+0303,y̯ɜ̃,NA,FALSE,vowel,fake,0,-,"-,+",-,-,-,+,+,0,+,-,-,"-,+",-,"+,-",+,-,-,0,0,0,+,"+,-",-,"+,-",-,"+,-",-,-,+,-,-,-,0,-,-,0
1,kore1280,kor,NA,NA,0079+032F+0069,y̯i,NA,FALSE,vowel,fake,0,-,"-,+",-,-,-,+,+,0,+,-,-,-,-,"+,-",+,-,-,0,0,0,+,+,-,+,-,+,-,-,+,-,-,-,0,-,-,0
1,kore1280,kor,NA,NA,028F,ʏ,NA,FALSE,vowel,fake,0,-,+,-,-,-,+,+,0,+,-,-,-,-,+,+,-,-,0,0,0,+,+,-,+,-,-,-,-,+,-,-,-,0,-,-,0
1,kore1280,kor,NA,NA,007A,z,NA,FALSE,consonant,fake,0,-,-,-,-,+,-,+,+,-,-,-,-,-,-,0,0,+,+,-,+,-,0,0,0,0,0,0,0,+,-,-,-,-,-,-,-
1,kore1280,kor,NA,NA,007A+0329,ɿ,NA,FALSE,consonant,fake,0,-,+,-,-,+,-,+,+,-,-,-,-,-,-,0,0,+,+,-,+,-,0,0,0,0,0,0,0,+,-,-,-,-,-,-,-
1,kore1280,kor,NA,NA,007A+032A,z̪,NA,FALSE,consonant,fake,0,-,-,-,-,+,-,+,+,-,-,-,-,-,-,0,0,+,+,+,+,-,0,0,0,0,0,0,0,+,-,-,-,-,-,-,-
1,kore1280,kor,NA,NA,007A+033A,z̺,NA,FALSE,consonant,fake,0,-,-,-,-,+,-,+,+,-,-,-,-,-,-,0,0,+,+,-,+,-,0,0,0,0,0,0,0,+,-,-,-,-,-,-,-
1,kore1280,kor,NA,NA,290,ʐ,NA,FALSE,consonant,fake,0,-,-,-,-,+,-,+,+,-,-,-,-,-,-,0,0,+,-,-,+,-,0,0,0,0,0,0,0,+,-,-,-,-,-,-,-
1,kore1280,kor,NA,NA,0290+0329,ʅ,NA,FALSE,consonant,fake,0,-,+,-,-,+,-,+,+,-,-,-,-,-,-,0,0,+,-,-,+,-,0,0,0,0,0,0,0,+,-,-,-,-,-,-,-
1,kore1280,kor,NA,NA,291,ʑ,NA,FALSE,consonant,fake,0,-,-,-,-,+,-,+,+,-,-,-,-,-,-,0,0,+,+,+,+,+,+,-,+,-,0,0,0,+,-,-,-,-,-,-,-
1,kore1280,kor,NA,NA,292,ʒ,NA,FALSE,consonant,fake,0,-,-,-,-,+,-,+,+,-,-,-,-,-,-,0,0,+,-,+,+,-,0,0,0,0,0,0,0,+,-,-,-,-,-,-,-
1,kore1280,kor,NA,NA,0292+0329,ɿ̠,NA,FALSE,consonant,fake,0,-,+,-,-,+,-,+,+,-,-,-,-,-,-,0,0,+,-,+,+,-,0,0,0,0,0,0,0,+,-,-,-,-,-,-,-
1,kore1280,kor,NA,NA,294,ʔ,NA,FALSE,consonant,fake,0,-,-,-,-,+,-,-,-,-,-,-,-,-,-,0,0,-,0,0,0,-,0,0,0,0,0,0,0,-,-,-,+,-,-,-,-
1,kore1280,kor,NA,NA,0294+02B7,ʔʷ,NA,FALSE,consonant,fake,0,-,-,-,-,+,-,-,-,-,-,-,-,-,+,+,-,-,0,0,0,-,0,0,0,0,0,0,0,-,-,-,+,-,-,-,-
1,kore1280,kor,NA,NA,02C0+029D,ˀʝ,NA,FALSE,consonant,fake,0,-,-,-,-,+,-,+,+,-,-,-,-,-,-,0,0,+,-,+,-,+,+,-,+,-,0,0,0,+,-,-,"+,-",-,-,-,-
1,kore1280,kor,NA,NA,02C0+006D,ˀm,NA,FALSE,consonant,fake,0,-,-,-,-,+,+,-,0,-,-,-,+,-,+,-,-,-,0,0,0,-,0,0,0,0,0,0,0,+,-,-,"+,-",-,-,-,-
1,kore1280,kor,NA,NA,02C0+006E,ˀn,NA,FALSE,consonant,fake,0,-,-,-,-,+,+,-,0,-,-,-,+,-,-,0,0,+,+,-,-,-,0,0,0,0,0,0,0,+,-,-,"+,-",-,-,-,-
1,kore1280,kor,NA,NA,03B2,β,NA,FALSE,consonant,fake,0,-,-,-,-,+,-,+,+,-,-,-,-,-,+,-,-,-,0,0,0,-,0,0,0,0,0,0,0,+,-,-,-,-,-,-,-
1,kore1280,kor,NA,NA,03B2+02B2,βʲ,NA,FALSE,consonant,fake,0,-,-,-,-,+,-,+,+,-,-,-,-,-,+,-,-,-,0,0,0,+,+,-,+,-,0,0,0,+,-,-,-,-,-,-,-
1,kore1280,kor,NA,NA,03B2+02B7,βʷ,NA,FALSE,consonant,fake,0,-,-,-,-,+,-,+,+,-,-,-,-,-,+,+,-,-,0,0,0,-,0,0,0,0,0,0,0,+,-,-,-,-,-,-,-
1,kore1280,kor,NA,NA,03B8,θ,NA,FALSE,consonant,fake,0,-,-,-,-,+,-,+,+,-,-,-,-,-,-,0,0,+,+,+,-,-,0,0,0,0,0,0,0,-,-,-,-,-,-,-,-
1,kore1280,kor,NA,NA,03C7,χ,NA,FALSE,consonant,fake,0,-,-,-,-,+,-,+,+,-,-,-,-,-,-,0,0,-,0,0,0,+,-,-,-,+,0,0,0,-,-,-,-,-,-,-,-
1,kore1280,kor,NA,NA,006E+0064+0299,ⁿdʙ,NA,FALSE,consonant,fake,0,-,-,-,-,+,"+,-,+","-,-,+",-,"-,-,+",-,"-,-,+","+,-,-",-,"-,-,+",-,-,"+,+,-",+,-,-,-,0,0,0,0,0,0,0,+,-,-,-,-,-,-,-
1,kore1280,kor,NA,NA,006E+0064+0072,ⁿdr,NA,FALSE,consonant,fake,0,-,-,-,-,+,"+,-,+","-,-,+",-,"-,-,+",-,"-,-,+","+,-,-",-,-,0,0,+,+,-,-,-,0,0,0,0,0,0,0,+,-,-,-,-,-,-,-
1,kore1280,kor,NA,NA,0064+0299,dʙ,NA,FALSE,consonant,fake,0,-,-,-,-,+,"-,+","-,+",-,"-,+",-,"-,+",-,-,"-,+",-,-,"+,-",+,-,-,-,0,0,0,0,0,0,0,+,-,-,-,-,-,-,-
1,kore1280,kor,NA,NA,006D+0299,ⁿbʙ,NA,FALSE,consonant,fake,0,-,-,-,-,+,+,"-,+",0,"-,+",-,"-,+","+,-",-,+,-,-,-,0,0,0,-,0,0,0,0,0,0,0,+,-,-,-,-,-,-,-
1,kore1280,kor,NA,NA,6.00E+72,ⁿr,NA,FALSE,consonant,fake,0,-,-,-,-,+,+,"-,+",0,"-,+",-,"-,+","+,-",-,-,0,0,+,+,-,-,-,0,0,0,0,0,0,0,+,-,-,-,-,-,-,-
1,kore1280,kor,NA,NA,299,ʙ,NA,FALSE,consonant,fake,0,-,-,-,-,+,+,+,0,+,-,+,-,-,+,-,-,-,0,0,0,-,0,0,0,0,0,0,0,+,-,-,-,-,-,-,-
1,kore1280,kor,NA,NA,72,r,NA,FALSE,consonant,fake,0,-,-,-,-,+,+,+,0,+,-,+,-,-,-,0,0,+,+,-,-,-,0,0,0,0,0,0,0,+,-,-,-,-,-,-,-
1,kore1280,kor,NA,NA,0072+0329,r̩,NA,FALSE,consonant,fake,0,-,+,-,-,+,+,+,0,+,-,+,-,-,-,0,0,+,+,-,-,-,0,0,0,0,0,0,0,+,-,-,-,-,-,-,-
1,kore1280,kor,NA,NA,0072+0325,r̥,NA,FALSE,consonant,fake,0,-,-,-,-,+,+,+,0,+,-,+,-,-,-,0,0,+,+,-,-,-,0,0,0,0,0,0,0,-,-,-,-,-,-,-,-
1,kore1280,kor,NA,NA,0072+02D0,rː,NA,FALSE,consonant,fake,0,-,-,-,+,+,+,+,0,+,-,+,-,-,-,0,0,+,+,-,-,-,0,0,0,0,0,0,0,+,-,-,-,-,-,-,-
1,kore1280,kor,NA,NA,0072+02B1,rʱ,NA,FALSE,consonant,fake,0,-,-,-,-,+,+,+,0,+,-,+,-,-,-,0,0,+,+,-,-,-,0,0,0,0,0,0,0,+,-,+,-,-,-,-,-
1,kore1280,kor,NA,NA,280,ʀ,NA,FALSE,consonant,fake,0,-,-,-,-,+,+,+,0,+,-,+,-,-,-,0,0,-,0,0,0,+,-,-,-,+,0,0,0,+,-,-,-,-,-,-,-
1,kore1280,kor,NA,NA,0263+031E,ɣ̞,NA,FALSE,consonant,fake,0,-,-,-,-,-,+,+,0,+,-,-,-,-,-,0,0,-,0,0,0,+,+,-,-,+,+,0,0,+,-,-,-,-,-,-,-
1,kore1280,kor,NA,NA,0279+0353,ɹ͓,NA,FALSE,consonant,fake,0,-,-,-,-,+,-,+,+,-,-,-,-,-,-,0,0,+,+,-,-,-,0,0,0,0,0,0,0,+,-,-,-,-,-,-,-
1,kore1280,kor,NA,NA,0077+0353,w͓,NA,FALSE,consonant,fake,0,-,-,-,-,+,-,+,+,-,-,-,-,-,+,+,-,-,0,0,0,-,0,0,0,0,0,0,0,+,-,-,-,-,-,-,-